last_name, first_name,player_id,year,player_age,p_game,p_formatted_ip,p_total_pa,p_total_hits,p_k_percent,p_bb_percent,p_out,p_era,z_swing_percent,z_swing_miss_percent,oz_swing_percent,oz_swing_miss_percent,oz_contact_percent,out_zone_percent,meatball_percent,iz_contact_percent,in_zone_percent,edge_percent,whiff_percent,swing_percent,pull_percent,straightaway_percent,opposite_percent,f_strike_percent,groundballs_percent,flyballs_percent,linedrives_percent,popups_percent,n_fastball_formatted,n_breaking_formatted,n_offspeed_formatted
Wainwright, Adam,425794,2020,39,10,65.2,262,54,20.6,5.7,197,3.15,62.9,15.2,30.2,41.4,58.6,51.6,7.5,83.7,48.4,42.9,24.1,46,39.3,39.8,20.9,67.6,44,21.5,27.7,6.8,59.2,38.3,2.5
Greinke, Zack,425844,2020,37,12,67,273,67,24.5,3.3,201,4.03,59.7,17,26.3,46.5,53.5,56.4,6.4,82.6,43.6,43.7,27.7,40.8,31.6,42.3,26,61.9,42.9,18.9,30.6,7.7,43.5,33.2,23.3
Lester, Jon,452657,2020,36,12,61,265,64,15.8,6.4,183,5.16,67.4,11.3,25.9,32.4,67.6,55.6,6.2,88.1,44.4,40.9,18.1,44.3,35.5,41.4,23.2,58.9,48.3,23.2,23.6,4.9,73.7,12.8,13.5
Scherzer, Max,453286,2020,36,12,67.1,295,70,31.2,7.8,202,3.74,71.5,25.8,30.1,47.3,51.6,50.9,7.7,73.5,49.1,42.8,32.4,50.5,34.6,32.4,33,65.8,34.6,22.3,34.1,8.9,55.6,28.4,16.1
Cueto, Johnny,456501,2020,34,12,63.1,277,61,20.2,9.4,190,5.4,68.1,14.5,25.8,31.9,66.9,54.1,6.4,84.9,45.9,42.8,19.9,45.2,48.4,31.3,20.3,55.6,42.7,22.4,30.2,4.7,43.7,29.2,27.1
Lynn, Lance,458681,2020,33,13,84,344,64,25.9,7.3,252,3.32,70.7,19.8,27.1,40.9,59.1,48.8,6.1,80.2,51.2,45.1,25.4,49.5,32.6,36.6,30.8,61,37.1,25.4,28.1,9.4,90.5,8.4,1.1
Carrasco, Carlos,471911,2020,33,12,68,280,55,29.3,9.6,204,2.91,69.2,20.6,30.1,57.8,41,52.2,6.9,79.4,47.8,43.3,32.6,48.8,35.5,40.2,24.3,63.9,47.3,15.4,32,5.3,39.5,33.4,27.1
Gibson, Kyle,502043,2020,33,12,67.1,301,73,19.3,10,202,5.35,61.8,10.8,26.8,44.1,55.9,57.9,4,88.5,42.1,42.8,23.3,41.5,43,38.6,18.4,65.1,51.7,15.5,29.5,3.4,49.9,32.3,17.8
Darvish, Yu,506433,2020,34,12,76,297,59,31.3,4.7,228,2.01,65.7,22.6,30.2,56.7,42.7,45.1,8.7,76.7,54.9,42.1,31.9,49.7,40.1,35.8,24.1,63.3,43.9,16,31.6,8.6,63.8,26.8,9.4
Perez, Martin,527048,2020,29,12,62,262,55,17.6,10.7,186,4.5,66.1,20.6,23.6,26,72.5,53.7,5.6,78.8,46.3,46.4,22.1,43.3,39.5,35.1,25.4,64.9,39.5,24.3,28.1,8.1,64.9,9.4,25.8
Cole, Gerrit,543037,2020,30,12,73,288,53,32.6,5.9,219,2.84,67.1,24.5,33.1,52.7,47.3,51.5,7.6,75.3,48.5,43.1,34.2,49.6,40,34.9,25.1,63.5,37.7,29.1,26.3,6.9,52.8,41.6,5.6
Hendricks, Kyle,543294,2020,31,12,81.1,315,73,20.3,2.5,244,2.88,66.2,19.5,32,37.1,62.9,47.8,7.4,80,52.2,45.9,24.9,49.8,36.4,41.3,22.3,66.7,47.1,19,26.9,7,54.5,16.6,28.9
Bauer, Trevor,545333,2020,29,11,73,278,41,36,6.1,219,1.73,65.8,21.4,29.1,47.8,52.2,53,7.3,77.5,47,42,30.2,46.4,35.4,36.7,27.8,59,36.1,25.3,21.5,17.1,67.5,32.2,0.3
Ryu, Hyun Jin,547943,2020,33,12,67,275,60,26.2,6.2,201,2.69,71,18.9,31.2,39.4,60.6,54.6,5.7,79.5,45.4,45.5,26,49.3,43.8,29.2,27,58.2,52.4,16.8,24.3,6.5,58.9,13.3,27.8
Wheeler, Zack,554430,2020,30,11,71,288,67,18.4,5.6,213,2.92,73.8,18.9,32.7,30.7,68.7,50.8,6.7,81.1,49.2,44.5,22.6,52.9,40.6,34.4,25,58.3,56.6,10.8,27.4,5.2,65.7,26,8.3
Boyd, Matthew,571510,2020,29,12,60.1,271,67,22.1,8.1,181,6.71,70.2,17.6,30.5,47.5,51.9,54.6,6.5,82.4,45.4,42.3,27.9,48.5,40.2,36.4,23.4,59.4,38,20.7,33.7,7.6,52.7,30.1,17.2
Corbin, Patrick,571578,2020,31,11,65.2,295,85,20.3,6.1,197,4.66,70,11.8,33.4,44.8,54.2,53.7,7.2,88.2,46.3,42.8,23.6,50.4,36.9,34.6,28.6,64.1,46.1,18.4,28.1,7.4,52.1,42.3,5.6
Heaney, Andrew,571760,2020,29,12,66.2,279,63,25.1,6.8,200,4.46,68.1,21.8,31.3,42,58,47.7,7.8,76.9,52.3,43.4,27.7,50.5,37.8,39.9,22.3,67,38.8,23.4,28.2,9.6,57.8,24.8,17.4
Keuchel, Dallas,572971,2020,32,11,63.1,257,52,16.3,6.6,190,1.99,68.3,16.8,28.4,35.8,64.2,58.2,5.1,82.8,41.8,46.1,23.8,45.1,35.9,40.9,23.2,54.9,53.5,11.6,29.3,5.6,65.5,6.6,27.9
deGrom, Jacob,594798,2020,32,12,68,268,47,38.8,6.7,204,2.38,75.1,31.7,35.7,57.4,41.7,53.3,5.7,67.8,46.7,45.7,40.7,54.1,34.2,36.3,29.5,60.4,42.5,25.3,26.7,5.5,44.9,38.1,16.9
Gonzales, Marco,594835,2020,28,11,69.2,277,59,23.1,2.5,209,3.1,62.8,14.9,30.3,31.1,68.2,46.3,6.7,84.6,53.7,48,19.6,47.8,38.6,37.1,24.3,64.3,37.6,23.8,28.7,9.9,69.6,16.1,14.3
Bassitt, Chris,605135,2020,31,11,63,261,56,21.1,6.5,189,2.29,65.1,18.9,25.8,34.5,65.5,47.6,9.8,81.1,52.4,41.9,23,46.4,36.9,37.4,25.7,57.1,44.9,21.4,26.2,7.5,77.4,12.4,10.3
Bundy, Dylan,605164,2020,28,11,65.2,267,51,27,6.4,197,3.29,60.8,18.3,29.5,51.3,47.4,50.6,6.8,81,49.4,45.6,29.3,45,39.9,38.7,21.4,56.9,42.8,19.1,27.7,10.4,41.9,36.7,21.3
Davies, Zach,605200,2020,27,12,69.1,276,55,22.8,6.9,208,2.73,62.2,17.1,26.4,40,59.4,57.3,4.6,82.5,42.7,46.1,25.5,41.7,37.6,38.7,23.7,56.2,43.3,20.6,27.8,8.2,55.8,2.8,41.3
Nola, Aaron,605400,2020,27,12,71.1,289,54,33.2,8,214,3.28,60.6,20.6,36.5,45.1,54.9,56,5.4,79.1,44,46,31.2,47.1,35.7,39.9,24.4,64.4,49.4,13.7,29.2,7.7,46,26.7,27.4
Woodruff, Brandon,605540,2020,27,13,73.2,293,55,31.1,6.1,221,3.05,69.9,25,26.7,39.1,60.9,49.9,6.4,74.5,50.1,43.3,28.9,48.3,35,36.1,28.9,66.6,51.1,19.4,18.3,11.1,65.2,17.3,17.5
Freeland, Kyle,607536,2020,27,13,70.2,304,77,15.1,7.6,212,4.33,65.1,11.1,30.7,36.3,63.2,55.9,6.2,88.5,44.1,47.1,20.5,45.9,44.8,36.6,18.5,56.3,52.2,16.4,27.6,3.9,33.5,42.5,24
Giolito, Lucas,608337,2020,26,12,72.1,288,47,33.7,9.7,217,3.48,73.1,28.4,28.2,57.9,41.5,50,8.4,71.6,50,40.5,36.6,50.7,41.6,31.7,26.7,59.4,44.1,23,25.5,7.5,50.6,15.7,33.7
Marquez, German,608566,2020,25,13,81.2,344,78,21.2,7.3,245,3.75,67.8,15.3,28.2,55.5,44.5,47.4,8.5,84.4,52.6,41.7,26.3,49,39.4,36.2,24.4,66.3,50.8,14.6,29.7,4.9,52.4,42.3,5.3
Mills, Alec,621219,2020,29,11,62.1,252,53,18.3,7.5,187,4.48,61.1,12.8,30.1,26.6,72.7,54.1,5.4,86.4,45.9,44.7,17.9,44.3,40,35.1,24.9,61.1,48.1,18.4,26.5,7,58.9,25.1,16
Berrios, Jose,621244,2020,26,12,63,271,57,25.1,9.6,189,4,61.9,19.3,31.2,41.9,58.1,52.1,6.9,80.1,47.9,44,27.3,45.9,36.8,36.8,26.4,63.1,42,21.8,29.3,6.9,51.6,29.6,18.8
Castillo, Luis,622491,2020,28,12,70,292,62,30.5,8.2,210,3.21,73.6,24.9,28.2,53.1,45.7,49.8,6.3,75.1,50.2,42.3,32.7,51,42.1,32.6,25.3,61.3,58.4,14.6,24.2,2.8,52.3,17.7,30
Senzatela, Antonio,622608,2020,25,12,73.1,303,71,13.5,5.9,220,3.44,68.8,11.9,24.3,36.4,63.6,50.6,7.9,87.8,49.4,44.7,18.4,46.3,42.1,33.3,24.6,62,50.8,17.9,25.4,5.8,55.9,33.7,10.4
Maeda, Kenta,628317,2020,32,11,66.2,248,40,32.3,4,200,2.7,69.4,19.7,39.5,55.3,44.3,56.2,7.3,80,43.8,41.4,34.7,52.6,34.2,44.9,20.9,64.5,49.4,14.6,25.9,10.1,28.5,42.2,29.3
Civale, Aaron,650644,2020,25,12,74,312,82,22.1,5.1,222,4.74,62.5,17.2,29.3,40.6,58.9,51.2,7.7,82.8,48.8,46,24.9,45.5,34.4,40.2,25.4,63.1,45.1,20.5,29.5,4.9,60.2,30.7,9.2
Lamet, Dinelson,659275,2020,28,12,69,267,39,34.8,7.5,207,2.09,63.4,20.1,30.8,58.9,39.9,49,6.2,79.9,51,42,32.5,47.4,33.3,38.7,28,65.5,38.7,22,27.3,12,46.6,53.4,
Singer, Brady,663903,2020,24,12,64.1,263,52,23.2,8.7,193,4.06,57.6,14.3,27.2,44.3,55,51.2,7.2,85.4,48.8,42,24.2,42,33.3,41.2,25.4,60.5,53.7,19.8,22.6,4,57.9,37.4,4.7
Valdez, Framber,664285,2020,27,11,70.2,288,63,26.4,5.6,212,3.57,61.3,15.4,26.7,46.6,52.6,47.6,8.7,84,52.4,42.9,24.3,44.8,31.4,41.4,27.2,59.7,60.2,9.4,29.3,1,56.8,33.5,9.7
Gallen, Zac,668678,2020,25,12,72,291,55,28.2,8.6,216,2.75,60.3,19.4,29.4,48.3,51.7,54.9,4.7,79.3,45.1,48.5,30.2,43.3,45.3,31.5,23.2,64.9,47,16,29.3,7.7,64.9,16.1,19
Bieber, Shane,669456,2020,25,12,77.1,297,46,41.1,7.1,232,1.63,64.2,22.5,34.6,64,36,59.1,5.1,77.5,40.9,41.9,40.7,46.7,38.6,39.2,22.2,63,48.4,17,27.5,7.2,53.6,37.9,8.5
Wainwright, Adam,425794,2021,40,32,206.1,828,168,21,6,619,3.05,60.7,11.9,27.3,36.7,62.3,50.5,7.8,86.9,49.5,45.4,19.7,43.8,40,37.1,22.9,64.3,48.7,21.5,25.4,4.4,59.7,33.8,6.4
Greinke, Zack,425844,2021,38,30,171,697,164,17.2,5.2,513,4.16,66.3,12.4,28.8,40,59.7,54.1,6.7,87.4,45.9,43,21.8,46,36.7,35.6,27.6,66,45.6,23.9,25,5.4,45.9,31.8,22.4
Morton, Charlie,450203,2021,38,33,185.2,756,136,28.6,7.7,557,3.34,64.5,19.4,27.7,50.8,48.4,50.2,7.8,79.8,49.8,43.3,28.9,46,38.3,34.4,27.3,58.2,49.5,20,25.2,5.4,58,36.7,5.3
Scherzer, Max,453286,2021,37,30,179.1,693,119,34.1,5.2,538,2.46,71,25.9,29.7,54.2,45,49.3,8.2,73.6,50.7,42.8,34.1,50.6,36,36.7,27.3,64.1,35,32.4,22.6,10,55.7,29.4,14.9
Miley, Wade,489119,2021,35,28,163,690,166,18.1,7.2,489,3.37,70.3,18.6,30.6,32.5,66.7,57.5,4.1,79.7,42.5,46.6,23.7,47.5,40.6,36.5,22.9,57.8,50.8,18.9,26,4.3,64.1,8.6,27.4
Gibson, Kyle,502043,2021,34,31,182,754,158,20.6,8.5,546,3.71,68.3,13.7,28.5,43.7,55.9,58.9,5,85.7,41.1,44.2,24.9,44.8,39.5,41.9,18.6,59.3,52.4,18.4,23.7,5.5,61.6,25.1,13.3
Darvish, Yu,506433,2021,35,30,166.1,681,138,29.2,6.5,499,4.22,66.6,19.5,26,49.7,49.7,46.9,8.9,80.1,53.1,44,27.3,47.6,39.8,36.7,23.5,60.6,37.9,30.5,22.8,8.8,64.3,30.9,4.8
Anderson, Tyler,542881,2021,32,31,167,703,170,19.1,5.4,501,4.53,73.1,19.7,33.3,31.5,66.8,47.7,7.1,79.7,52.3,44.9,23.1,54.2,40.2,37.7,22.1,68.7,37.7,28.5,25.3,8.5,74.7,0.6,24.6
Cole, Gerrit,543037,2021,31,30,181.1,726,151,33.5,5.6,544,3.23,66.8,24.7,32,46.2,53.6,51.3,8.4,75.2,48.7,42.4,31.9,48.9,31.4,42.5,26.1,66.8,42.7,28.2,22.5,6.6,48,37.9,14.2
DeSclafani, Anthony,543101,2021,31,31,167.2,676,141,22.5,6.2,503,3.17,68.5,16,27.8,45.3,53.8,48.1,8.5,83.7,51.9,41.8,24,48.9,33.8,39.8,26.5,67,45,25.8,22.5,6.7,45.7,43.8,10.5
Eovaldi, Nathan,543135,2021,31,32,182.1,764,182,25.5,4.6,547,3.75,69,18.3,30.3,47.4,52.6,44.9,8.2,81.4,55.1,43.9,25.9,51.6,31.5,38,30.6,65.3,42.7,23.1,25.6,8.5,54.8,32.5,12.7
Hendricks, Kyle,543294,2021,32,32,181,785,200,16.7,5.6,543,4.77,65.9,15.4,32.4,29.1,70.7,51.5,6.7,84.3,48.5,48,20.1,48.6,37,37.2,25.8,67.8,44.6,22.3,25.3,7.9,60.5,11.7,27.8
Lyles, Jordan,543475,2021,31,32,180,769,194,19,7.3,540,5.15,70.3,15.2,27.6,43.3,56,51.7,7.2,84.1,48.3,42.1,23.5,48.2,42,35.9,22.1,59.4,38.8,29.5,25,6.8,51.2,41.5,7.3
Ryu, Hyun Jin,547943,2021,34,31,169,701,170,20.4,5.3,507,4.37,64.6,16.3,30.5,35.6,63.7,50.4,5.7,83.3,49.6,46.6,22.6,47.5,36.8,39.5,23.7,63.9,47.2,22.9,24.3,5.6,61.5,13.1,25.4
Wheeler, Zack,554430,2021,31,32,213.1,849,169,29.1,5.4,640,2.78,72.2,20.3,30.4,42.2,56.8,48.5,8,78.8,51.5,44.4,26.5,51.9,35.8,35.8,28.5,66.8,50.9,16.2,24.3,8.6,60.6,35.6,3.8
Corbin, Patrick,571578,2021,32,31,171.2,751,192,19,8,515,5.82,67.1,12.5,32,46.2,53.4,54.7,6.7,86.6,45.3,42.9,24.8,47.9,34.9,36.9,28.1,66,48.3,23.9,24.1,3.7,56.7,39.1,4.2
Keuchel, Dallas,572971,2021,33,32,162,720,189,13.2,8.2,486,5.28,66.2,13.1,28.2,34.5,64.6,57.9,4.2,86.6,42.1,43.9,21,44.2,42.1,39.6,18.3,59.4,54.8,18.8,22.4,3.9,64.4,7,28.6
Stroman, Marcus,573186,2021,30,33,179,730,161,21.6,6,537,3.02,66.2,16.1,31.6,47.9,51.9,51.1,6.9,83.3,48.9,42.2,26.7,48.5,37.2,37.4,25.3,62.1,52.6,20,24.6,2.9,60.4,23.5,16.1
Gausman, Kevin,592332,2021,30,33,192,775,150,29.3,6.5,576,2.81,71.4,22.4,32.7,51.3,47.8,49.2,8.8,77.3,50.8,43.4,31.3,52.4,34.6,35.6,29.8,63.6,42.7,28.1,23.3,5.9,52.7,5.9,41.4
Ray, Robbie,592662,2021,30,32,193.1,773,150,32.1,6.7,580,2.84,73.1,22.7,30.1,56.3,43.4,49.2,8.8,77,50.8,41.3,32.3,52,38.4,36.5,25.2,61.6,37.3,29.4,23.7,9.6,59.6,36.8,3.6
Montas, Frankie,593423,2021,28,32,187,778,164,26.6,7.3,561,3.37,70.2,20.9,32.5,46.7,53.1,52.2,7.2,78.4,47.8,43.5,29.6,50.5,36.8,36.6,26.7,65.2,43.5,25.3,26.1,5.1,58.2,19.4,22.4
Musgrove, Joe,605397,2021,29,32,181.1,748,142,27.1,7.2,544,3.18,63.3,17.9,30.9,52.1,46.6,50.7,7.6,81.1,49.3,41.2,29.3,46.9,39.1,38.3,22.6,60.8,45,26.8,22,6.1,43.6,51.5,4.8
Nola, Aaron,605400,2021,28,32,180.2,749,165,29.8,5.2,542,4.63,66.5,20.1,30.8,45.6,54.2,48.6,7.5,79,51.4,45.1,27.9,49.2,42.1,35.8,22.2,66.6,41.6,27,24.1,7.3,53.2,27,19.8
Woodruff, Brandon,605540,2021,28,30,179.1,708,130,29.8,6.1,538,2.56,68.5,23.2,32.1,39.8,59.7,47.8,8.6,75.8,52.2,43.5,28.2,51.1,31.8,41.8,26.4,66,43.4,22.6,27.5,6.5,60.4,25.3,14.2
Fried, Max,608331,2021,27,28,165.2,667,139,23.7,6.1,497,3.04,68.9,16,27,47.7,50.5,47.6,8.1,82.8,52.4,43.7,24.3,49,37.5,37.7,24.7,64.6,53.8,20.6,20.6,5,50.4,47.4,2.2
Giolito, Lucas,608337,2021,27,31,178.2,720,145,27.9,7.2,536,3.53,71.7,24.2,28.9,52.5,47.5,49.5,8.7,75.5,50.5,41.6,32.2,50.5,42.2,34,23.9,59.9,34.2,26.9,27.7,11.2,43.9,24.3,31.8
Irvin, Cole,608344,2021,27,32,178.1,768,195,16.3,5.5,535,4.24,71.9,15.4,29.8,29.4,69.3,47.2,8.6,84.1,52.8,46,19.2,52,32.3,39.1,28.6,65.2,38.6,26.2,27.7,7.4,59.8,18.2,22
Marquez, German,608566,2021,26,32,180,756,165,23.3,8.5,540,4.4,69.2,16.3,25.6,57,40.7,49.2,8.6,82.3,50.8,40.9,27,47.8,37.8,40.9,21.3,57.8,52.8,20.5,23.7,2.9,52.9,45.1,2.1
Buehler, Walker,621111,2021,27,33,207.2,815,149,26,6.4,623,2.47,67.2,17.4,30.2,47,51.3,48.7,7.6,82.1,51.3,44,26.3,49.2,35.4,40.6,24,65.4,46.2,25.1,21.8,6.8,68.2,27,4.8
McCullers Jr., Lance,621121,2021,28,28,162.1,684,122,27,11.1,487,3.16,59.4,16.6,26,57.5,42.2,53.3,7.6,83.3,46.7,38.7,30.2,41.6,35.1,37,27.8,55.6,56.9,19.9,19.9,3.4,35.5,50.8,13.7
Berrios, Jose,621244,2021,27,32,192,781,159,26.1,5.8,576,3.52,63.7,16.5,31,37.6,62,51.3,8,83.2,48.7,42.1,23.7,47,40.2,35.4,24.4,64.5,43.7,23.4,26.9,6,56.3,30.5,13.2
Castillo, Luis,622491,2021,29,33,187.2,803,181,23.9,9.3,563,3.98,70.9,21.6,30.5,43,56.2,53.5,6.6,77.7,46.5,44.8,28.7,49.3,33.6,41.8,24.6,59.5,57.8,17,21.6,3.6,52.3,17.4,30.4
Flexen, Chris,623167,2021,27,31,179.2,741,185,16.9,5.4,539,3.61,71.7,13.9,28.6,32,67.5,50.9,7.3,85.7,49.1,43.5,19.2,49.8,35.8,36.7,27.4,63.4,43,28.1,24.1,4.7,69.4,15.3,15.3
Urias, Julio,628711,2021,25,32,185.2,745,151,26.2,5.1,557,2.96,67.3,18.7,32.2,37.7,61.5,45.5,8.7,80.1,54.5,43.6,24.1,51.3,34.9,40.6,24.6,70.7,42.4,28.9,20.8,7.9,48.4,34.2,17.3
Manaea, Sean,640455,2021,29,32,179.1,754,179,25.7,5.4,538,3.91,71.3,22.3,27.7,41.7,58,45.4,8.9,77.5,54.6,42.4,27.1,51.5,36.9,40.2,22.9,66.6,42.7,24.7,24.9,7.6,60,15.6,24.4
Mahle, Tyler,641816,2021,27,33,180,759,158,27.7,8.4,540,3.75,66.3,21.9,25.9,43.5,56.3,52.2,5.9,77.7,47.8,45.5,28.4,45.2,37.7,36,26.3,63.9,44,24.8,23.6,7.6,53.1,31.1,15.8
Alcantara, Sandy,645261,2021,26,33,205.2,837,171,24,6,617,3.19,71.4,19.3,33.8,45.3,53.7,48.2,7.9,80.1,51.8,43.7,27.3,53.3,39.4,38.2,22.4,64,53.8,20.7,21.2,4.3,49.8,26.7,23.5
Cease, Dylan,656302,2021,26,32,165.2,708,139,31.9,9.6,497,3.91,67,26,28.8,52.3,47.7,52.9,6.8,73.7,47.1,40,34.6,46.8,33.1,37.5,29.4,58.3,34.6,31.4,24.4,9.6,46.8,45.8,7.4
Burnes, Corbin,669203,2021,27,28,167,657,123,35.6,5.2,501,2.43,64.8,22.1,35.7,59,40,53.8,6.7,76.4,46.2,42.1,36.5,49.2,37.3,38.9,23.8,62.4,50.1,22.2,21.9,5.7,62.9,27.4,9.6
Wainwright, Adam,425794,2019,38,31,171.2,745,181,20.5,8.6,515,4.19,60.9,12.1,25.1,35.6,63.3,51.8,7.8,86.6,48.2,41.5,19,42.4,39.2,40.4,20.4,58.7,49.4,20,25,5.6,61.1,36.8,2
Greinke, Zack,425844,2019,36,33,208.2,810,175,23.1,3.7,626,2.93,63.6,15.9,33.2,36.7,62.9,55.4,6,83.7,44.6,43.8,24.1,46.7,33.1,38.7,28,67.3,46.3,20.7,26.1,6.8,46.7,31,22.3
Verlander, Justin,434378,2019,36,34,223,847,137,35.4,5,669,2.58,67.9,26.6,35.2,47.7,52,48.7,7.7,73,51.3,43.6,33.6,51.9,40.8,38,21.1,64.3,36.1,30.5,22.9,10.4,49.9,45.9,4.2
Sanchez, Anibal,434671,2019,35,30,166,712,153,18.8,8.1,498,3.85,67.8,16.3,32.1,33,66.3,54.3,6.3,83.2,45.7,42.4,22.3,48.4,37,37.6,25.4,63.8,39.1,26.6,27.1,7.2,63.3,8.7,28
Morton, Charlie,450203,2019,36,33,194.2,790,154,30.4,7.2,584,3.05,63,19.1,31,52,47.4,48.7,8,80.8,51.3,41.7,29.6,47.4,35.6,37,27.4,62.7,48.2,20,25.4,6.4,59.4,37.3,3.3
Lester, Jon,452657,2019,35,31,171.2,764,205,21.6,6.8,515,4.46,68.3,14.9,28.1,32.8,66.7,56,5.1,84.1,44,43.2,21,45.7,38.7,37.6,23.6,58.9,43.9,20.7,29.9,5.5,72.7,15.4,11.9
Scherzer, Max,453286,2019,35,27,172.1,693,144,35.1,4.8,517,2.92,70.8,25.9,34,50.4,49.4,49.7,7.9,73.5,50.3,41.1,33.8,52.5,36.9,35,28.1,70.3,41.3,24.9,26.7,7.1,56.2,29.4,14.5
Bailey, Homer,456701,2019,33,31,163.1,696,162,21.4,7.6,490,4.57,67.7,16.1,28.9,42,58,50.5,7.6,83.6,49.5,42.1,24.1,48.5,37.3,34.9,27.8,63.6,45.3,22.4,25.1,7.1,50.5,23.5,26
Lynn, Lance,458681,2019,32,33,208.1,875,195,28.1,6.7,625,3.67,69.3,22.4,28.3,43.2,56.4,49.7,8.1,76.6,50.3,41.7,28.5,49,36.1,36.3,27.6,62.7,40.7,23.8,27.9,7.5,87.5,9.5,3
Nova, Ivan,467100,2019,32,34,187,806,225,14.1,5.8,561,4.72,69.4,11.2,30.8,33.4,66.6,53.1,6.6,87.9,46.9,43.2,18.4,48.9,41.7,38.1,20.2,60.7,46.6,19.4,27.6,6.5,67.4,16.8,15.8
Anderson, Brett,474463,2019,31,31,176,743,181,12.1,6.6,528,3.89,66.5,10.3,27.3,34.6,64.9,48.3,8.2,88.4,51.7,42.6,17,47.5,37.8,41.2,21,59.2,55.5,16.3,23.7,4.5,62.4,24.1,13.4
Kershaw, Clayton,477132,2019,31,29,178.1,706,145,26.8,5.8,535,3.03,69.5,16.5,34.3,49.1,49.8,51.7,7.4,82.2,48.3,43.3,27.4,51.3,47,33.9,19.1,67.6,49.2,20.3,21.8,8.7,43.9,55.5,0.6
Miley, Wade,489119,2019,33,33,167.1,720,164,19.4,8.5,502,3.98,68.8,15.2,26.8,38,61.1,57.3,4.6,84.2,42.7,44.4,22.8,44.6,39.4,39,21.6,55.8,50.3,22,23.4,4.3,69.1,10.3,20.7
Quintana, Jose,500779,2019,30,32,171,745,191,20.4,6.2,513,4.68,64,12,26.6,39.4,60.3,53.3,6.3,87.5,46.7,42.5,20.9,44.3,34,40.3,25.7,62.4,45.4,19.7,29.2,5.7,61.8,27.2,11
Minor, Mike,501985,2019,32,32,208.1,863,190,23.2,7.9,625,3.59,67.2,21,29.2,37.8,61.8,51.1,7,78.5,48.9,43.9,26.2,47.8,44.9,35.2,19.9,61.1,41.3,26.2,21.8,10.7,44.6,30.8,24.6
Samardzija, Jeff,502188,2019,34,32,181.1,740,152,18.9,6.6,544,3.52,70.2,16,28.2,28.9,70.7,52,7.4,83.4,48,42.4,19.9,48.3,39.3,38.7,22,60.9,37.4,29.5,25.3,7.7,71.8,20.5,7.7
Leake, Mike,502190,2019,32,32,197,835,227,15.2,3.2,591,4.29,69.5,11.6,30.4,33.5,66.5,48.9,7.8,87.9,51.1,45.1,18,50.4,39.6,37.9,22.5,63.5,47.2,23.2,23.7,5.8,58.8,20.5,20.7
Darvish, Yu,506433,2019,33,31,178.2,731,140,31.3,7.7,536,3.98,64.1,20.4,31.7,50,48.6,48.5,7.1,77.7,51.5,43.5,29.8,48.3,39.8,37.7,22.5,62.4,46,23.9,23.9,6.2,75.1,20.7,4.2
Bumgarner, Madison,518516,2019,30,34,207.2,844,191,24.1,5.1,623,3.9,70.5,17.7,31.6,39.4,60.6,50.8,7.3,81.5,49.2,43.9,24.6,50.7,41.7,35.3,23,69.5,37.1,29.1,26.2,7.7,76.3,18.3,5.4
Kelly, Merrill,518876,2019,31,32,183.1,777,184,20.3,7.3,550,4.42,68.9,16.4,27.4,35.7,63.8,52.4,7.5,82.9,47.6,44.5,22.3,47.2,41.4,35.8,22.8,58.6,43.2,25.8,25.3,5.7,65.2,21.3,13.4
Porcello, Rick,519144,2019,31,32,174.1,768,198,18.6,5.9,523,5.52,67.6,13.5,29.5,28.7,70.5,47.9,8.2,85.9,52.1,44.6,17.9,49.4,40,37.7,22.3,67.7,38.7,25.8,25.8,9.6,57,31.1,11.9
Perez, Martin,527048,2019,28,32,165.1,737,184,18.3,9.1,496,5.12,68.4,14.4,32.7,34.1,64.7,54.4,6.1,85.1,45.6,44.9,21.5,49,38,37.2,24.8,64.3,49.4,19.7,25.2,5.6,73.1,4.7,22.2
Teheran, Julio,527054,2019,28,33,174.2,754,148,21.5,11,524,3.81,68.4,17,26.7,32.6,66.7,55.6,6.4,82.9,44.4,41.3,22.2,45.3,35.4,38.3,26.3,59.9,40.3,28.1,24.5,7.1,64.4,27.4,8.2
Cole, Gerrit,543037,2019,29,33,212.1,817,142,39.9,5.9,637,2.5,66,28.3,32.3,56.9,43.1,47.8,9.1,71.4,52.2,43.6,37.2,49.9,31.4,39.5,29.1,64.3,40.7,26.8,24.3,8.2,54,38.6,7.4
DeSclafani, Anthony,543101,2019,29,31,166.2,696,151,24,7,500,3.89,67.5,14,29.9,43.3,56,51.6,7.9,85.7,48.4,42.1,23.5,48.1,35.3,42.2,22.5,61.2,43.7,26.1,22.9,7.4,55.3,39.4,5.4
Gray, Sonny,543243,2019,30,31,175.1,708,122,29,9.6,526,2.87,59.8,14.5,27.8,50.8,47.8,55.7,6.6,84.5,44.3,39.7,28.1,42.2,37.9,38.1,24.1,55.6,52.6,20.3,21.3,5.8,48.7,46.5,4.7
Hendricks, Kyle,543294,2019,30,30,177,730,168,20.5,4.4,531,3.46,64.3,17,33.5,31.9,67.2,48.7,6.8,82.5,51.3,47.7,22,49.3,35.9,38.1,26,66.6,43.7,22.7,25.1,8.6,62.2,9.8,28.1
Roark, Tanner,543699,2019,33,31,165.1,722,180,21.9,7.1,496,4.35,68.9,15,25.9,35.8,62.7,54.2,6.6,84.3,45.8,42.6,20.8,45.9,36.5,35.7,27.9,57.2,36.7,25.3,30.3,7.8,55.5,34.6,9.8
Strasburg, Stephen,544931,2019,31,33,209,841,161,29.8,6.7,627,3.32,63.1,18.8,35,47.7,51.7,55,6.4,80.2,45,42.8,30.5,47.7,36.3,39.3,24.4,63.6,51.7,19.1,23.9,5.3,48.3,31,20.7
Bauer, Trevor,545333,2019,28,34,213,911,184,27.8,9,639,4.48,64.9,18.1,28,52,48,53.3,6.8,81.2,46.7,39.9,29.3,45.3,40.4,35.7,23.9,59.6,38.8,28.2,23.7,9.3,58.7,33.6,7.7
Tanaka, Masahiro,547888,2019,31,32,182,759,186,19.6,5.3,546,4.45,68,13.4,34.7,41,58.8,52.9,4.7,86.4,47.1,46.7,23.2,50.4,43.1,35,21.8,68.8,48.2,21.3,22.9,7.6,33.7,39.6,26.7
Ryu, Hyun Jin,547943,2019,32,29,182.2,723,160,22.5,3.3,548,2.32,67.6,18,33.5,36.9,62.1,52.6,5.8,81.3,47.4,44.3,24.7,49.7,33.8,41.2,25,62,52.4,16,27.1,4.5,60,12.5,27.5
Wheeler, Zack,554430,2019,29,31,195.1,828,196,23.6,6,586,3.96,69.6,17.8,30.8,35.2,64.5,48.4,7.7,81.5,51.6,45.3,23,50.9,36.7,35.2,28.1,65.8,44.7,22.6,25.7,7.1,59,29.8,11.2
Boyd, Matthew,571510,2019,28,32,185.1,788,178,30.2,6.3,556,4.56,68.9,22.4,30.7,51.5,48.5,49.8,7.5,77.4,50.2,42.9,31.1,49.8,40.5,34,25.5,64.5,36,27.3,24.6,12,53.9,40.1,6
Corbin, Patrick,571578,2019,30,33,202,835,169,28.5,8.4,606,3.25,65.7,15.6,34.3,53.2,46.1,58.3,5.5,83.3,41.7,42,31.5,47.4,33.2,39.7,27.1,62.4,50.8,21.9,23.5,3.8,53.7,40.6,5.7
Fiers, Mike,571666,2019,34,33,184.2,754,166,16.7,7,554,3.9,66.2,14.6,27,28,71.7,48,7.9,84.9,52,43.1,18.2,47.3,41.7,33.4,24.9,65.1,40.3,24.9,24.7,10.1,52.2,35.3,12.5
Mikolas, Miles,571945,2019,31,32,184,764,193,18.8,4.2,552,4.16,65,14.6,33.2,35.4,63.8,50.3,7.4,84.7,49.7,43.7,21.5,49.3,34.2,40.3,25.5,65.7,48.8,21.4,25,4.9,51.4,44.8,3.8
Stroman, Marcus,573186,2019,28,32,184.1,774,183,20.5,7.5,553,3.22,65.2,14.6,28.8,42.6,56.6,55.2,6.1,84.5,44.8,42.6,24.4,45.1,36.2,38.2,25.6,56.8,53.9,17.8,23.1,5.2,62.8,31.8,5.3
Ray, Robbie,592662,2019,28,33,174.1,747,150,31.5,11.2,523,4.34,64.3,23,30.3,48.8,50.2,55.6,6.2,75.7,44.4,42.5,32.6,45.4,40,37.4,22.5,59.6,40.8,24.4,27.7,7.1,52.7,47.3,
Syndergaard, Noah,592789,2019,27,32,197.2,825,194,24.5,6.1,593,4.28,70.6,19.7,30.5,43.7,55.3,49.3,6.4,79.3,50.7,46.8,26.8,50.8,38.1,36,25.9,65.9,48.5,20.8,23.6,7.1,59,24.7,16.3
Rodriguez, Eduardo,593958,2019,26,34,203.1,859,195,24.8,8.7,610,3.81,67.6,20.8,30.5,39.3,60.7,56.5,5.3,79.1,43.5,44.4,27.4,46.4,34.4,37.9,27.7,63.4,49.5,23.2,21.3,6,70.7,5.4,23.9
deGrom, Jacob,594798,2019,31,32,204,804,154,31.7,5.5,612,2.43,74.1,23.8,35.5,45.6,53.2,53.5,6.7,75.1,46.5,45.2,31.2,53.4,34.5,37.6,27.9,64.1,45.2,21.9,23.7,9.2,49.2,35.3,15.6
Gonzales, Marco,594835,2019,27,34,203,866,210,17,6.5,609,3.99,65.7,14.1,29.8,26.1,73.7,50.4,7.4,85.2,49.6,47,18,47.7,37.7,38.1,24.2,65.7,41.9,23.7,25.3,9.1,60.1,15.9,24.1
Junis, Jakob,596001,2019,27,31,175.1,771,192,21.3,7.5,526,5.24,65.1,12.6,27.6,43.6,56.2,52.9,7.9,87.3,47.1,42,22.6,45.3,40.2,38.5,21.2,61.6,43.2,26.4,24.6,5.8,50.9,43.7,5.4
Musgrove, Joe,605397,2019,27,32,170.1,718,168,21.9,5.4,511,4.44,70.1,15.5,32.7,45,53.8,48.6,8,83.8,51.4,45.3,24.5,51.9,38.7,39.3,22.1,65.6,44.9,24.6,24.2,6.3,57.9,31.6,10.6
Nola, Aaron,605400,2019,26,34,202.1,852,176,26.9,9.4,607,3.87,58.8,16.4,32.3,42.3,56.8,53.8,5.8,83.1,46.2,44.6,26.5,44.6,40.4,38.9,20.7,62.3,50.9,20.7,23.5,4.9,46.2,35.2,18.6
Fried, Max,608331,2019,25,33,165.2,702,174,24.6,6.7,497,4.02,66.7,16.2,29.6,45.5,53.3,52,7.5,82.6,48,41.6,25.7,47.4,35.9,37,27.1,64,54.6,16.6,26.1,2.7,57,40.7,2.4
Giolito, Lucas,608337,2019,25,29,176.2,705,131,32.3,8.1,530,3.41,68,26.3,27.6,50.4,48.7,45.7,9.1,73.7,54.3,43.6,32.4,49.6,39.2,33.7,27.2,62.1,36.3,23.8,28.1,11.8,55,18.8,26.2
Marquez, German,608566,2019,24,28,174,721,174,24.3,4.9,522,4.76,67.1,15.4,30.5,52.9,46.9,48.1,8.8,83.3,51.9,41.3,26.5,49.5,31,38.9,30,63.8,50.2,20.2,27.1,2.6,52.4,44.6,3
Eflin, Zach,621107,2019,25,32,163.1,705,172,18.3,6.8,490,4.13,66.5,14.9,30.6,31.4,67.6,51.5,6,84.5,48.5,45.1,20.2,47.8,37.2,38.5,24.3,68.2,46,23.2,23.9,6.9,55.8,36.3,7.9
Buehler, Walker,621111,2019,25,30,182.1,737,153,29.2,5,547,3.26,66.3,19.8,32.5,42.6,56.3,47,7.9,79.9,53,43.1,26.7,50.3,31.2,41.6,27.2,65.8,43.1,25.1,27,4.8,73.3,26.2,0.5
Berrios, Jose,621244,2019,25,32,200.1,842,194,23.2,6.1,601,3.68,64.5,16.6,33.6,36.2,63.6,49.8,7.7,82.7,50.2,44.6,23.3,49.1,38.3,35.4,26.2,65.2,42.9,25.2,24,7.8,55.3,28.9,15.9
Castillo, Luis,622491,2019,27,32,190.2,781,139,28.9,10.1,572,3.4,68.5,24.5,32.3,52,47.2,58.7,5.3,74,41.3,42.7,35.5,47.3,31.6,45.4,23,56.4,56.5,19.8,19.4,4.3,50.6,16.9,32.5
Lopez, Reynaldo,625643,2019,25,33,184,809,203,20.9,8,552,5.38,69.2,19,26.4,40.9,59.1,48.1,7.9,80.9,51.9,43.6,24.7,48.7,33.2,37.9,28.9,60.1,34.9,25.7,28.2,11.1,58.5,26.6,14.8
Hudson, Dakota,641712,2019,25,33,174.2,757,160,18,11.4,524,3.35,65.7,13.6,25.1,46.8,52.4,52.9,7.1,85.2,47.1,41.1,23.6,44.2,38.2,39.5,22.2,56.1,57.4,13.9,24.9,3.8,61.7,35.6,2.6
Keller, Brad,641745,2019,24,28,165.1,709,154,17.2,9.9,496,4.19,66.7,11,27.6,38.5,61.5,52.8,8,87.5,47.2,41,19.7,46,36.4,38.4,25.2,57.3,50.8,17.1,26,6.1,67.2,31.4,1.4
Alcantara, Sandy,645261,2019,24,32,197.1,838,179,18,9.7,592,3.88,70,16.1,31.3,38.2,60,52.7,7.7,82.4,47.3,43.7,23.5,49.6,36.3,38.6,25.1,60.4,45.5,24.1,22.7,7.7,57.8,30.1,12.1
Soroka, Mike,647336,2019,22,29,174.2,701,153,20.3,5.8,524,2.68,67.9,15.8,31.2,35.7,63.5,52.3,6.6,82.9,47.7,42.3,22.5,48.8,40,37.3,22.7,63.8,52.9,15.3,25.9,5.9,63.4,24.3,12.4
Flaherty, Jack,656427,2019,24,33,196.1,772,135,29.9,7.1,589,2.75,67.5,22.1,29.7,48.7,50.9,51.4,6.7,77.5,48.6,44.2,30.7,48,37.8,35.1,27.1,60.4,40.7,23,24.6,11.7,58.5,39.4,2
Lucchesi, Joey,664192,2019,26,30,163.2,686,144,23,8.2,491,4.18,67.1,15.7,27.4,44.7,54,54.8,6,83.1,45.2,42,25.3,45.3,31.5,43,25.5,62.5,48.7,25.3,20,6,64.9,35.1,
Bieber, Shane,669456,2019,24,34,214.1,859,186,30.2,4.7,643,3.28,65.4,16.8,32.6,54.9,44.6,53.7,6.3,83.1,46.3,42.5,30.6,47.8,36.8,37.5,25.6,65.3,44.8,21.7,26.5,7,45.8,47,7.3
Greinke, Zack,425844,2018,35,33,207.2,839,181,23.7,5.1,623,3.21,62.6,19.2,31.6,36.2,63.5,55.7,5.8,80.4,44.3,45.3,25.9,45.3,34.5,43.1,22.3,67,45.5,23.7,25.7,5.1,50.1,28.9,21
Hamels, Cole,430935,2018,35,32,190.2,806,176,23.3,8.1,572,3.78,68.5,17.6,29.2,45.8,53.3,52.4,6.7,81.8,47.6,43.9,26.9,47.8,41.4,36.5,22.2,60.1,46.2,23.3,25,5.5,62.9,18.2,18.9
Verlander, Justin,434378,2018,35,34,214,833,156,34.8,4.4,642,2.52,68,25.8,31.2,46.9,52.3,45.6,9.2,73.8,54.4,45.4,31.6,51.2,35.1,34.9,29.9,68.9,30.7,31.7,24.3,13.3,61.8,36.8,1.5
Kluber, Corey,446372,2018,32,33,215,842,179,26.4,4,645,2.89,64.3,14.1,33.6,50,50,51.8,6.3,85.4,48.2,43.3,26.9,48.2,37.2,36.7,25.9,63.3,45.6,22.3,26.2,5.7,71,22.5,6.6
Shields, James,448306,2018,37,34,204.2,871,190,17.7,9,614,4.53,67.5,16.6,26.7,40.5,58.2,54.2,7.9,83,45.8,40.4,24.3,45.4,44.8,34.3,21,56.8,36.8,27.8,26.5,8.9,62,19.7,18.2
Morton, Charlie,450203,2018,35,30,167,695,130,28.9,9.2,501,3.13,63.9,18.9,24.9,54.1,44.7,49.1,7.7,80.5,50.9,42.5,28.5,44.8,37.3,38,24.5,61,48.9,20.3,25.4,5.3,64.4,29.3,6.3
Lester, Jon,452657,2018,34,32,181.2,761,174,19.6,8.4,545,3.32,68.1,14.2,22.7,36.7,61.7,52.5,6.7,84.7,47.5,42.1,20.3,44.3,39.9,37.6,21.8,57.4,40,23.2,30.3,6.5,75,15.7,9.2
LeBlanc, Wade,453281,2018,34,32,162,662,151,19.6,6,486,3.72,64.2,17.2,30.1,30.6,68.4,52.5,7,82.3,47.5,43.7,21.7,46.2,41.5,34.2,24.1,63.1,37.4,27.4,26.4,8.8,61.1,9.1,29.8
Scherzer, Max,453286,2018,34,33,220.2,866,150,34.6,5.9,662,2.53,69.7,25.9,32.2,51.2,48.6,46.5,8.6,73.3,53.5,42,33,52.4,36.8,36.2,26.2,65.7,35.2,25.8,23.1,15.9,59.8,24.5,15.7
Arrieta, Jake,453562,2018,32,31,172.2,724,165,19.1,7.9,518,3.96,63.4,13.1,28.2,33,66,49.1,8.5,85.5,50.9,41.2,19.1,46.1,36.3,40.4,23.3,62.5,51.9,18.5,24.2,5.4,55.5,33.9,10.6
Price, David,456034,2018,33,30,176,722,151,24.5,6.9,528,3.58,67.3,17.6,28.4,34.5,65,50.8,7.9,81.9,49.2,43.2,22.8,47.5,37.1,37.1,25.8,62.5,41,25.2,24.5,9.3,74.9,2.9,22.2
Happ, J.A.,457918,2018,36,31,177.2,733,150,26.3,7,533,3.65,69.5,17.8,28.5,37.7,62.1,52.9,6.8,81.8,47.1,45.7,24.1,47.8,33.4,38.6,28,60.9,40.7,27.8,21.7,9.8,73.3,14.4,12.3
Gonzalez, Gio,461829,2018,33,32,171,746,167,19.8,10.7,513,4.21,65.6,18.6,25.3,34.8,63.8,55.4,5.7,80.4,44.6,42.1,23.8,43.2,37.6,37.4,25,53.9,46.9,21.5,24,7.6,56.4,20.7,22.9
Chacin, Jhoulys,468504,2018,30,35,192.2,796,153,19.6,8.9,578,3.5,62,13.1,24.2,42.5,56.7,49.2,7.2,86,50.8,43.3,21.2,43.4,40,39.4,20.3,58.4,44.4,21.9,26,7.7,47.7,45.3,7
Carrasco, Carlos,471911,2018,31,32,192,784,173,29.5,5.5,576,3.38,67.7,19.1,33.9,58.2,41.5,53.6,7.5,80.4,46.4,40.4,33,49.7,34.5,40.1,24,65.1,48,24.2,22.8,5,44.6,39.1,16.3
Quintana, Jose,500779,2018,29,32,174.1,739,162,21.4,9.2,523,4.03,62.2,13.2,25.1,37.4,62.1,51.9,7.6,85.5,48.1,41.7,20.6,42.8,32.5,37.6,29.8,65.4,44.7,23.7,25.3,6.3,68.3,24.9,6.8
Gibson, Kyle,502043,2018,31,32,196.2,826,177,21.7,9.6,590,3.62,67.1,14.8,30,45.1,54.4,59,5.1,84,41,44.4,26.7,45.2,42.4,37.9,19.7,57.6,51.4,17.9,25.5,5.1,57.7,31.3,11
Leake, Mike,502190,2018,31,31,185.2,784,207,15.2,4.3,557,4.36,68.2,10.3,30.3,32,68,48.7,7.2,89.3,51.3,44.9,16.7,49.7,43.9,36.5,19.4,65.3,49.7,19.7,25.8,4.8,59.4,21.9,18.7
Holland, Derek,502706,2018,32,36,171.1,727,154,23.2,9.2,514,3.57,66.6,19.1,27.5,35.5,63.2,50.1,6.7,80.6,49.9,45.1,23.8,47,38.6,35.7,24.8,62.9,42.1,23,26.7,8.2,56.9,34.3,8.8
Porcello, Rick,519144,2018,30,33,191.1,808,177,23.5,5.9,574,4.28,65.2,13.7,27.8,37.2,62.8,48.5,7.2,86,51.5,44.6,20.5,47.1,40.1,39.7,19.1,66.8,44.9,23.8,24.7,6.5,49.8,38.4,11.7
Teheran, Julio,527054,2018,27,31,175.2,724,122,22.4,11.6,527,3.94,64.9,19.4,25.5,47.1,52.9,55.1,6,80.1,44.9,43.2,28.4,43.1,33.9,42.9,23.2,61,39.7,28.1,23.7,8.5,61.9,28.5,9.5
Anderson, Tyler,542881,2018,29,32,176,737,165,22.3,8,528,4.55,69,17.7,26.9,46.6,52.1,47.3,8,81.9,52.7,43.7,25.2,49.1,39.7,38,22.3,65.1,38,25,27.6,9.4,73.3,3.8,22.9
Cole, Gerrit,543037,2018,28,32,200.1,799,143,34.5,8,601,2.88,67.5,24.5,29.2,47.5,52.3,46.5,8.3,74.8,53.5,43.7,30.8,49.6,29.4,42.5,27,63.6,37.6,26.5,26.5,9.3,56.4,39.2,4.5
Hendricks, Kyle,543294,2018,29,33,199,812,184,19.8,5.4,597,3.44,59.5,16,29.6,33.2,66.4,49.5,7.1,82,50.5,46.6,21.7,44.7,37.6,36.8,25.6,65.1,48.8,19.2,25.9,6,61.8,7.6,30.6
Odorizzi, Jake,543606,2018,28,32,164.1,711,151,22.8,9.8,493,4.49,70.5,19.8,29.3,33.9,64.7,55.8,5.7,80,44.2,44.1,24.7,47.4,32.7,35,32.3,57,30.6,29.7,27,12.7,56.5,25.9,17.7
Roark, Tanner,543699,2018,32,31,180.1,760,181,19.2,6.6,541,4.34,65.6,12.7,28.1,35.5,63.6,52.6,6.2,86.7,47.4,43.8,20.1,45.8,35.2,37.5,27.3,60.7,42.6,24.2,24,9.2,61.4,26.7,11.9
Bauer, Trevor,545333,2018,27,28,175.1,717,134,30.8,7.9,526,2.21,62.7,19.7,28.9,55.1,44.9,52,7,80.1,48,40.8,31.5,45.1,40.5,38.1,21.4,63.7,45.3,22.6,25.3,6.7,52.5,40.5,7
Wheeler, Zack,554430,2018,28,29,182.1,744,150,24.1,7.4,547,3.31,68.1,18.8,30.4,37.1,61.3,50.2,7.6,79.9,49.8,44.4,24.5,49.2,34.9,38.3,26.7,62.1,46.1,21.6,24,8.4,57.5,29.8,12.8
Urena, Jose,570632,2018,27,31,174,712,155,18.3,7.2,522,3.98,70.6,16.3,28.2,28.3,70.7,54.6,6.3,82.9,45.4,42.9,20.2,47.5,38.7,39.7,21.4,59.6,50.7,22.4,21.6,5.4,57.7,23.4,19
Boyd, Matthew,571510,2018,27,31,170.1,709,146,22.4,7.2,511,4.39,67.5,17,25.7,40.4,58.3,50.3,7.4,82.3,49.7,42.5,23.4,46.5,41,34.2,24.4,58.5,30.5,32.2,24,13.3,48.8,43.2,8
Corbin, Patrick,571578,2018,29,33,200,800,162,30.8,6,600,3.15,65.8,20,34.8,53.4,46.3,58.7,5.4,78.2,41.3,41.2,34.3,47.6,34.7,40.7,24.4,64.4,49.3,20.6,26.7,3.4,48.6,50.3,1.1
Fiers, Mike,571666,2018,33,31,172,714,166,19.5,5.2,516,3.56,65.2,14.6,27.4,31.9,67.2,48.9,7.9,84.6,51.1,43.5,19.8,46.6,41.3,35.8,22.8,66.4,40.2,28.9,22.6,8.3,48.5,33.3,18.3
Heaney, Andrew,571760,2018,27,30,180,749,171,24,6,540,4.15,66.8,18.7,30.3,42.9,56.4,50.3,7.2,80.7,49.7,43.8,26.3,48.5,33.9,36.2,29.8,65.2,43.6,24.2,24.2,7.9,58.2,25.2,16.6
Mikolas, Miles,571945,2018,30,32,200.2,808,186,18.1,3.6,602,2.83,68.9,14.4,34.1,33.2,65.6,47.1,7.8,84.9,52.9,42.2,20.2,52.5,36.1,36.3,27.6,70.8,50.8,18.8,24.1,6.2,48.3,47.2,4.4
Keuchel, Dallas,572971,2018,30,34,204.2,874,211,17.5,6.6,614,3.74,65.5,12.1,29.1,33.3,65.9,55.5,5.3,87.6,44.5,46,19.7,45.3,38.4,36.8,24.8,60.1,54.9,15.6,25.4,4.1,68.8,18.4,12.8
Foltynewicz, Mike,592314,2018,27,31,183,744,130,27.2,9.1,549,2.85,63.2,17.9,24.2,44.6,54.3,49.4,7.7,81,50.6,41.5,25.1,44,35.8,38.5,25.5,61.8,43.7,24,22.9,9.4,56.5,37.4,6.2
Gausman, Kevin,592332,2018,27,31,183.2,776,189,19.1,6.4,551,3.92,69.4,17.8,30,39.9,59.4,51.1,7.5,81.9,48.9,43.5,24.7,49.3,31.2,38.9,29.8,57.1,46.6,23.3,24.3,5.8,58.5,14.4,27.2
Gray, Jon,592351,2018,27,31,172.1,743,180,24.6,7,517,5.12,65.6,17.8,25.6,57.8,40.8,49.2,8,80.9,50.8,41.5,28.8,45.9,37.1,33.3,29.1,63.3,49.3,20,24.6,6.2,49.7,48.7,1.6
Taillon, Jameson,592791,2018,27,32,191,785,179,22.8,5.9,573,3.2,67.3,16.9,30.9,39.2,58.8,49.3,7.7,82.4,50.7,45,23.8,49.3,34.3,41,24.4,63.7,47.7,20.9,25.3,6.1,57.3,38.1,4.5
Williams, Trevor,592866,2018,26,31,170.2,701,146,18,7.8,512,3.11,67.4,13.1,28.1,31.2,66.8,51.5,5.8,86,48.5,44.5,18.7,47.2,33.3,39.9,26,60.6,43,23.3,26.6,7.2,69.4,15.3,15.3
deGrom, Jacob,594798,2018,30,32,217,835,152,32.2,5.5,651,1.7,69.2,23.5,34.9,45.9,52.6,49.2,7,75,50.8,45,31,52.5,39.4,35.7,24.9,66.5,47.8,20,22.9,9.3,51.7,32.2,16.1
Gonzales, Marco,594835,2018,26,29,166.2,686,172,21.1,4.7,500,4,64.8,17.2,32.9,28.3,71.2,51.2,6.1,82.3,48.8,46.6,21,48.4,40.2,41.2,18.7,66.3,45.3,21.1,27.8,5.8,54.6,22.3,23.1
Junis, Jakob,596001,2018,26,30,177,758,182,21.6,5.7,531,4.37,64.2,11.9,29.4,44.3,54.2,49.7,8.3,87.1,50.3,40.7,22,46.9,38.6,36.9,24.4,62.8,42.7,27.4,22.9,6.9,53.3,40.8,5.9
Pivetta, Nick,601713,2018,25,33,164,694,163,27.1,7.3,492,4.77,66.2,20.1,29.3,45.3,53.4,49.1,7.4,78.9,50.9,42.8,27.2,48.1,32.3,38.1,29.2,63,49.7,20.3,22.9,7.1,58.9,38.8,2.2
Bundy, Dylan,605164,2018,26,31,171.2,750,188,24.5,7.2,515,5.45,68.5,19.6,30,45.4,54.6,47,8.7,79.7,53,42.2,26.8,50.3,37.4,36.4,25.7,62.1,34.8,28.9,27.3,9.1,55.8,34,10.2
Clevinger, Mike,605182,2018,28,32,200,810,164,25.6,8.3,600,3.02,65.8,21.1,27.5,43.5,55.8,50.5,8.2,78.6,49.5,40.9,27.8,46.4,34.7,36.5,28.8,64.3,41.2,23.7,26.2,8.9,52.9,33,14.1
Nola, Aaron,605400,2018,25,33,212.1,831,149,27,7,637,2.37,64.1,21.3,29.8,41.8,57.1,48.2,7.9,77.6,51.8,45.1,27.5,47.6,39.5,38.9,21.6,69.4,52.4,17.7,22.9,7,49.3,30.9,19.8
Snell, Blake,605483,2018,26,31,180.2,700,112,31.6,9.1,542,1.89,63.9,22.7,30.8,54.1,45.7,55.8,5.9,76.8,44.2,42.9,34.6,45.4,27.8,40.8,30.7,57.1,45.7,26.1,23.4,4.8,51.5,29.3,19.2
Freeland, Kyle,607536,2018,25,33,202.1,844,182,20.5,8.3,607,2.85,66.9,16.4,28.2,31.7,66.1,54.4,5.6,82.4,45.6,43.9,21.5,45.8,37,38.8,24.2,62.3,47.6,20.7,23.4,8.4,52.4,33.9,13.7
Giolito, Lucas,608337,2018,24,32,173.1,775,166,16.1,11.6,520,6.13,63.1,14.5,24.8,38.2,60.7,51.3,7.7,85,48.7,42.3,21.4,43.4,37.4,37.1,25.5,55.4,45.1,24.8,22.4,7.7,59.5,24.9,15.7
Marquez, German,608566,2018,23,33,196,817,179,28.2,7,588,3.77,65.3,17.5,28.2,54.6,44.2,48.1,8.9,81.4,51.9,41,28.1,47.4,34,37.3,27.5,64.8,48.5,19.8,27.1,4.6,55,38.6,6.4
Berrios, Jose,621244,2018,24,32,192.1,797,159,25.3,7.7,577,3.84,66.5,17.7,30.5,42,55.9,52,6.9,81.6,48,41.7,25.6,47.9,39.2,35.5,25.3,64.5,43,24.2,23.2,9.6,60.4,30.5,9.1
Castillo, Luis,622491,2018,26,31,169.2,708,158,23.3,6.9,509,4.3,68.9,22.3,29.6,43.8,56,49,7.5,76.9,51,42.9,28.6,49.6,37,38.9,23.7,61.4,47.9,20.4,24.3,7.4,57.2,16.4,26.4
Severino, Luis,622663,2018,24,32,191.1,780,173,28.2,5.9,574,3.39,67.5,20.4,29.6,43.3,56.7,47.1,8.7,79.4,52.9,43.2,26.8,49.7,32.4,38.7,28.9,69,42,19.6,30.3,8.1,50.5,36,13.6
Lopez, Reynaldo,625643,2018,24,32,188.2,799,165,18.9,9.4,566,3.91,68.2,16.6,25.9,33.8,66.2,49.3,9,83.3,50.7,42.5,21.3,47.4,35.9,36.8,27,60.1,33.6,27.2,27.2,12.1,60.8,23.7,15.5
Godley, Zack,643327,2018,28,33,178.1,791,177,23.4,10.2,535,4.74,62.8,15.1,29.2,49.2,49.4,54.7,6.9,83.3,45.3,37.4,27.3,44.4,38.6,39.8,21.6,60.2,50.3,17.3,27.3,5.1,54.4,40.3,5.3
Newcomb, Sean,656794,2018,25,31,164,696,137,23,11.6,492,3.9,66.8,19.5,24.9,37.2,60.9,52.9,7.9,80.1,47.1,41.6,24.7,44.6,32.2,36.6,31.3,53.9,44.1,24.4,24,7.5,62.3,18.6,19.2
Dickey, R.A.,285079,2017,43,31,190,815,193,16.7,8.2,570,4.26,65.7,18.4,26.7,26.4,72.2,47.3,7.9,80.9,52.7,44.2,20.5,47.4,35.2,36.7,27.7,64.8,48.5,19.1,25.2,7.1,17.3,82.7,
Lackey, John,407793,2017,39,31,170.2,731,165,20.4,7.3,512,4.59,66.9,16.4,28.8,38.4,60.9,50.9,7.6,82.8,49.1,42.4,23,47.5,36.6,39.3,24.2,65.4,42.7,22.6,27.1,7.5,87.9,7.4,4.6
Greinke, Zack,425844,2017,34,32,202.1,801,172,26.8,5.6,607,3.2,63.1,18.6,32.4,45.4,53.6,55,5.7,80.8,45,43.7,28.9,46.2,34.4,43.1,22,62.4,47.9,20.1,25.1,6.8,48.2,35.6,16.1
Santana, Ervin,429722,2017,35,33,211.1,864,177,19.3,7.1,634,3.28,69.3,15.6,30.4,38.4,60.7,53.4,6.2,84.2,46.6,42.6,23.2,48.5,41.8,35.9,22.3,64.2,42.6,25.4,21.4,10.7,52.9,36.9,10.2
Verlander, Justin,434378,2017,34,33,206,849,170,25.8,8.5,618,3.36,68.7,17.2,29.1,39.3,60.1,49.1,7.4,82.7,50.9,43.8,23.6,49.3,34.5,41.2,24.4,61.7,34.1,27.1,28.7,10.1,58.4,37.5,4.1
Hammel, Jason,434628,2017,35,32,180.1,804,209,18,6,541,5.29,66.9,13.4,28.8,40.9,59.1,49.1,8.6,86.2,50.9,41.6,21.5,48,38.7,36.5,24.8,62.6,38.2,28.6,25.4,7.8,50.1,46.4,3.6
Nolasco, Ricky,445060,2017,35,33,181,787,205,18.2,7.4,543,4.92,70.2,18.1,26.1,40.7,58.7,55.1,6.6,81.5,44.9,41.4,25.2,45.9,42.6,34.5,22.9,60.3,41.4,25.1,27,6.5,48.4,36.6,15
Kluber, Corey,446372,2017,31,29,203.2,777,141,34.1,4.6,611,2.25,64,21.1,33.3,58.9,40.9,48.8,7.9,78.8,51.2,43.5,33.6,49.1,33.1,42.7,24.2,64.5,45.9,19.5,27.2,7.4,65.8,28.1,6.1
Vargas, Jason,450306,2017,34,32,179.2,756,181,17.7,7.7,539,4.16,60.6,19.2,26,33.5,66,49.9,7,80.5,50.1,45.5,23.5,43.4,43.3,37.6,19.1,65.9,40.8,22.4,27.5,9.3,47.2,20.3,32.4
Lester, Jon,452657,2017,33,32,180.2,763,179,23.6,7.9,542,4.33,67.2,16.6,28.9,39.9,59.1,56.7,5.4,82.4,43.3,44.5,25,45.4,34.3,41,24.7,58.1,47.8,20.6,26.8,4.8,78.4,13.1,8.5
Scherzer, Max,453286,2017,33,31,200.2,780,126,34.4,7.1,602,2.51,69.3,25.3,32.8,48.4,50.3,47.3,8.8,73,52.7,40.9,32.1,52,40.1,34.5,25.3,64.7,38.3,28.7,22.2,10.8,56.3,29.4,14.3
Richard, Clayton,453385,2017,34,32,197.1,858,240,17.6,6.9,592,4.79,68.2,13.2,31.5,31.9,64.4,53.5,6.2,85.5,46.5,44.2,19.6,48.5,30.2,43.8,25.9,62.5,60.5,13.3,23.8,2.5,68.7,20.3,11
Arrieta, Jake,453562,2017,31,30,168.1,707,150,23.1,7.8,505,3.53,62.2,15.4,25.5,34.9,64.2,49.1,7.3,83.8,50.9,42.7,21.1,44.1,34.4,41.3,23.6,58,45.5,24.2,25.5,4.8,63.4,28.3,8.3
Lynn, Lance,458681,2017,30,33,186.1,776,151,19.7,10.1,559,3.43,69.6,18.7,24.3,31.3,67.5,54.5,5.8,80,45.5,42.4,22.5,44.9,29.3,40.6,30.1,54.6,45.4,23.7,23.4,7.5,89.9,4.8,5.3
Gonzalez, Gio,461829,2017,32,32,201,827,158,22.7,9.6,603,2.96,64.4,16.8,23.7,34.2,65.6,54.1,4.8,81.6,45.9,43.8,22.1,42.3,37.1,39.4,23.5,55.3,47.7,20.8,22.6,8.9,56.6,24.7,18.7
Estrada, Marco,462136,2017,34,33,186,806,186,21.8,8.8,558,4.98,70.9,22.4,27.2,28.8,70.7,49.5,6.4,76.8,50.5,45.5,24.1,49.3,38.1,32.4,28.2,58.7,31.3,29.7,23.6,15.5,60.4,7.7,31.9
Nova, Ivan,467100,2017,30,31,187,785,203,16.7,4.6,561,4.14,68.5,10.9,31.8,33.9,65.3,49.3,8.1,87.7,50.7,42.5,17.9,50.5,38.6,39.9,21.4,64.5,47.6,19.1,28.3,4.9,68,22.1,9.8
Chacin, Jhoulys,468504,2017,29,32,180.1,765,157,20,9.4,541,3.89,62.2,13.1,23.2,39.2,58.4,50.2,7.7,85.5,49.8,42.9,20.1,42.6,32.9,41.4,25.7,58.7,50.4,20.7,22.1,6.8,54.7,39.3,6
Carrasco, Carlos,471911,2017,30,32,200,798,173,28.3,5.8,600,3.29,68.8,18.8,29.5,54.3,45.5,50.9,7.8,80.9,49.1,41.8,29.6,48.9,31,42.6,26.4,63,46.9,20.5,26.4,6.2,49.3,34.6,16.1
Hellickson, Jeremy,476451,2017,30,30,164,695,160,13.8,6.8,492,5.43,69.9,15.2,28.5,24.9,74.6,53.1,6.8,84.6,46.9,43.8,18.1,48,42.8,31.4,25.7,59.1,36.4,25.6,28.3,9.7,57.1,12.6,30.3
Kershaw, Clayton,477132,2017,29,27,175,679,136,29.7,4.4,525,2.31,69.6,21.1,31.7,50.5,48.9,48,7.1,78.1,52,42.9,29.8,51.7,37.2,39.2,23.5,69.5,48.7,20.4,22.4,8.5,47.7,51.3,1
Cashner, Andrew,488768,2017,31,28,166.2,704,156,12.2,9.1,500,3.4,66.3,10,23.4,28.4,71.3,50.2,8.1,89.7,49.8,43,14.9,44.7,35.8,38.2,26.1,58.5,48.8,18.9,25.1,7.2,66.9,19.6,13.5
Quintana, Jose,500779,2017,28,32,188.2,790,170,26.2,7.7,566,4.15,63,14.8,25,37.1,62.4,50.3,7.1,84.7,49.7,42.9,21.3,43.9,40.2,35.9,23.6,67.1,46.1,21.1,26.8,6.1,62.8,28.1,9
Archer, Chris,502042,2017,29,34,201,852,193,29.2,7,603,4.07,68.9,22.4,27.1,50.7,48.7,50,7.1,77.2,50,43.1,30.3,47.9,30.5,37.4,31.2,62.3,43.1,23.6,27,6.3,47.4,44.5,8
Cobb, Alex,502171,2017,30,29,179.1,742,175,17.3,5.9,538,3.66,61.2,10.9,28.2,29.1,70.5,51.4,6.7,88.5,48.6,44.3,16.9,44.3,39.9,38.3,21.8,58.8,49.3,19.1,25.5,6,51.7,34.1,14.3
Samardzija, Jeff,502188,2017,32,32,207.2,847,204,24.2,3.8,623,4.42,67.1,17.1,30.4,34.2,65.4,48.9,7.2,82,51.1,43.7,22.4,49.1,33.8,40.6,25.7,65.1,43,24,26.2,6.8,58.3,33.4,8.3
Leake, Mike,502190,2017,30,31,186,782,201,16.6,4.7,558,3.92,68.3,10.7,27.8,36.7,62.8,50,6.9,88.6,50,44.2,18.4,48.4,39.6,41.4,19,63.3,54.6,17,25.1,3.3,67.5,20.6,11.9
Darvish, Yu,506433,2017,31,31,186.2,766,159,27.3,7.6,560,3.86,65.3,20.4,27.4,46.8,52.5,48.5,8,79.2,51.5,43.4,27.9,47,34.9,40.6,24.5,58.9,42.6,23.9,25.6,7.9,66.6,30.8,2.6
Moore, Matt,519043,2017,28,32,174.1,790,200,18.7,8.5,523,5.52,68.2,14.1,25.9,34.6,62.3,47.7,8,83.4,52.3,42.6,19.5,48,35.4,39.4,25.2,61.3,38.6,24.8,28,8.6,66.4,17.7,15.9
Nelson, Jimmy,519076,2017,28,29,175.1,728,171,27.3,6.6,526,3.49,65.5,18,30.2,42.3,57.4,47.7,8.8,80.8,52.3,43,25.2,48.7,32,39.4,28.4,61.1,51.1,18.6,26.5,3.8,61.3,36.1,2.7
Pomeranz, Drew,519141,2017,29,32,173.2,740,166,23.5,9.3,521,3.32,63.8,16,27.5,40,59.6,52.9,7.5,83.3,47.1,40.4,24,44.6,35.7,39.8,24.5,60.4,45.2,19.7,26,9.1,61.6,37,1.4
Porcello, Rick,519144,2017,29,33,203.1,885,236,20.5,5.4,610,4.65,67.7,17.7,29.7,29.7,69.5,47.8,8.1,82,52.2,43.4,21.1,49.6,38.9,34.3,26.8,67.2,40,26,26.8,7.2,59.2,32.5,8.3
Sale, Chris,519242,2017,28,32,214.1,851,165,36.2,5.1,643,2.9,65.6,24.9,32.9,47,52.8,47.4,8.3,74.8,52.6,44.7,31.7,50.1,35.2,38,26.8,66.7,39.8,26.2,25.2,8.7,48.3,32.9,18.8
Perez, Martin,527048,2017,26,32,185,811,221,14.2,7.8,555,4.82,64.2,12.4,29.3,27.6,72,55.4,5.9,87.4,44.6,43.5,17.9,44.9,33.8,40,25.7,59.3,47.8,18.7,27.9,5.6,58.7,20.9,20.4
Teheran, Julio,527054,2017,26,32,188.1,812,186,18.6,8.9,565,4.49,68.5,16.5,26.6,33.7,66.3,51.7,7.3,82.5,48.3,41.7,21.5,47,37.5,37.3,25.3,64.2,40.9,25.9,24.9,8.2,64.8,28.7,6.5
Cole, Gerrit,543037,2017,27,33,203,849,199,23.1,6.5,609,4.26,66.5,16.7,25.5,34.8,64.7,48.8,8.4,82.6,51.2,41.8,21.7,46.5,35.2,35.2,29.3,63.5,46.6,20.7,25.1,7.6,60.2,29.5,10.3
Gray, Sonny,543243,2017,28,27,162.1,678,139,22.6,8.4,487,3.55,67.8,16.5,27.9,50,48.7,53.3,6.8,82.9,46.7,41.2,27.2,46.6,33.8,44.5,21.1,61.7,54,17,24.7,4.3,60.7,30,9.4
Roark, Tanner,543699,2017,31,32,181.1,776,178,21.4,8.2,544,4.67,66.8,17.5,27.7,35.7,63.2,52.8,6.5,81.6,47.2,43.6,23.3,46.1,37.2,38.1,24.6,58.8,48.9,20.4,26.7,4.1,56.4,31.5,12.2
Strasburg, Stephen,544931,2017,29,28,175.1,701,131,29.1,6.7,526,2.52,65.7,19.7,30.8,47.3,52.2,47.1,9.5,79.5,52.9,44.5,27.7,49.7,31.6,39.1,29.1,63.5,47.6,20.8,24.6,6.8,54.8,27.7,17.5
Bauer, Trevor,545333,2017,26,32,176.1,749,181,26.2,8,529,4.19,63,14.9,21.9,48.6,50.9,50.7,7.4,84.7,49.3,41.7,23.7,42.2,35.2,39.3,24.8,56.9,46.7,19.3,27.7,6.4,61.1,31.2,7.7
Tanaka, Masahiro,547888,2017,29,30,178.1,752,180,25.8,5.5,535,4.74,71.1,19.8,33.7,52.8,47,53.1,6,79.4,46.9,43.8,31.1,51.2,40.9,41.5,17.7,64.8,50.1,21.2,23.4,5.3,37.6,37.4,25
Urena, Jose,570632,2017,26,34,169.2,724,152,15.6,8.8,509,3.82,69.4,13.8,26.9,32,67.5,56.4,5.8,85.6,43.6,41.1,19.8,45.5,39.2,36,24.6,58.8,44.3,24.8,24.4,6.6,54.7,23.8,21.5
Corbin, Patrick,571578,2017,28,33,189.2,826,208,21.5,7.4,569,4.03,67.5,14.9,29.1,46.5,52.4,53.3,6,84.1,46.7,42.3,25.3,47,33.9,41.8,24,62.5,52.2,18.7,23.6,5.5,53.3,37.6,9.1
Straily, Dan,573185,2017,29,33,181.2,769,176,22.1,7.8,545,4.26,70.5,18.9,29.8,44,54.5,50.7,8.2,80.4,49.3,41.7,26.4,49.9,37.5,36.3,25.8,62,35.8,27.2,24.9,12.2,50.5,32.1,17.4
Stroman, Marcus,573186,2017,26,33,201,834,201,19.7,7.4,603,3.09,66.4,13.9,24.6,47.3,52.5,52.5,7.2,86.1,47.5,42.3,23.6,44.5,25.1,47.7,25.9,58.6,63,12.6,21.4,3,66.1,27.9,6
Gausman, Kevin,592332,2017,26,34,186.2,816,208,21.9,8.7,560,4.68,67.3,18.6,27.9,41.5,58.3,52.7,6.2,80.8,47.3,42.4,25.8,46.5,28,43.7,28.3,60.2,44,20.7,29.1,6.2,64.2,13.9,21.9
Ray, Robbie,592662,2017,26,28,162,665,116,32.8,10.7,486,2.89,63.6,22.7,27.5,58.7,40.5,52.3,6.5,76.2,47.7,40.8,34.2,44.7,36.1,36.7,27.2,60,41.8,25.3,23.7,9.2,59.2,40.8,
Martinez, Carlos,593372,2017,26,32,205,858,179,25.3,8.3,615,3.64,65,17.4,26.8,42.8,55.9,47.5,7.7,81.4,52.5,43.7,24.4,46.8,31.9,42.4,25.7,59.1,52.4,18,23.9,5.7,55.5,27.5,16.9
deGrom, Jacob,594798,2017,29,31,201.1,827,180,28.9,7.1,604,3.53,68.8,23.9,29.7,41.8,56.7,48.4,7.1,75.1,51.6,45.5,29.1,49.9,31.3,37.4,31.3,64.2,47.6,21.8,24.1,6.5,55.3,32.2,12.4
Bundy, Dylan,605164,2017,25,28,169.2,698,152,21.8,7.3,509,4.24,68.2,18.5,31.2,39.4,60,51.5,7.1,81,48.5,43.1,25.3,49.1,34.6,37.9,27.5,59.6,33.2,30.3,25.8,10.7,53.7,32.8,13.5
Davies, Zach,605200,2017,24,33,191.1,817,204,15.2,6.7,574,3.9,64.9,12.9,24.7,28.7,70.3,53.4,6.2,85.5,46.6,45.1,17.7,43.4,32.9,42.1,25,57.3,51.4,16.4,27.5,4.8,70.6,15.5,14
Fulmer, Michael,605242,2017,24,25,164.2,676,150,16.9,5.9,494,3.83,69.4,15.6,29.3,35.6,63.9,49.4,6.8,83.9,50.6,43.3,21.3,49.5,31.5,43,24.7,61.4,50.8,18.3,24.3,6.6,59.7,21.5,18.8
Nola, Aaron,605400,2017,24,27,168,693,154,26.6,7.1,504,3.54,61.5,19.9,27.9,40.4,57.3,48.6,7.6,78.8,51.4,45.7,26.1,45.2,34.3,42.1,23.4,64.4,50.4,21.8,23.1,4.6,53.7,30.8,15.5
Perdomo, Luis,606131,2017,24,29,163.2,716,182,16.5,9.1,491,4.67,65.5,12.4,26.6,41.4,56.1,52,8.4,86.1,48,39.9,21.2,45.3,32.2,48.4,19.4,61.3,62.1,14.7,21,2.3,62.8,32,5.1
Wacha, Michael,608379,2017,26,30,165.2,701,170,22.5,7.8,497,4.13,66.8,18.4,26.8,35.3,64.1,47.7,8,81.1,52.3,44.9,22.9,47.8,37.7,34.4,27.6,65.8,50.1,19.6,24.7,5.6,70,11.5,18.5
Marquez, German,608566,2017,22,29,162,701,174,21,7,486,4.39,68.2,14.8,22.9,42.9,56.7,42.9,10.8,84.6,57.1,40.2,20.5,48.7,32.1,40.7,27,59.9,46.8,23.2,25.8,4.2,65.8,29.2,5
Blach, Ty,621389,2017,27,34,163.2,692,179,10.5,6.2,491,4.78,66.8,12.2,23.3,25.1,73.5,48.4,7.9,86.6,51.6,43.1,15.4,45.8,33.7,38.3,28,61.7,47.8,18.4,27.1,6.6,60.1,16.2,23.7
Severino, Luis,622663,2017,23,31,193.1,783,150,29.4,6.5,580,2.98,67.9,20.8,28.2,47.6,52.2,47.2,7.9,79,52.8,41.6,28.1,49.1,32.7,43.2,24,65.2,50.5,18.4,24.2,6.9,51.3,35.1,13.6
Colon, Bartolo,112526,2016,43,34,191.2,791,200,16.2,4,575,3.43,62.3,9.6,30.4,22.1,76.2,47.5,8.1,89.6,52.5,44.5,13.4,47.2,31.1,39.5,29.5,63.2,45.1,22.1,26.4,6.4,89.4,6.3,4.3
Sabathia, CC,282332,2016,36,30,179.2,768,172,19.8,8.5,539,3.91,63.7,15.7,30.8,36.3,63.1,52.5,6.4,83,47.5,44.5,22.9,46.4,41.3,36.2,22.5,60.9,51.5,20.3,19.7,8.5,71.4,22.9,5.7
Dickey, R.A.,285079,2016,42,30,169.2,728,169,17.3,8.7,509,4.46,66.9,20.1,26.8,33.3,66.4,47,8,79,53,43.2,23.6,48.1,37,37,26.1,62.1,42.4,22.7,25,9.9,13,87,
Lackey, John,407793,2016,38,29,188.1,748,146,24.1,7.1,565,3.35,67.3,16.5,31.2,43.4,55.7,50.5,7.4,82.2,49.5,42.1,25.2,49,34.8,34.6,27.5,68,43.5,23.1,27.1,6.3,80.9,13.6,5.5
Wainwright, Adam,425794,2016,35,33,198.2,847,220,19,7,596,4.62,62.7,11.1,27.2,38,60.7,52.3,7.7,86.7,47.7,42.5,19.8,44.1,36.8,39.4,23.8,61.5,45.2,17.8,30.9,6.1,70.6,26.8,2.6
Santana, Ervin,429722,2016,34,30,181.1,748,168,19.9,7.1,544,3.38,67.8,13.7,30.7,38.9,60.5,55.5,5.6,85.7,44.5,41.6,22.8,47.2,36.5,38.2,25.3,59,43.5,23.4,25.6,7.4,52.8,39.5,7.7
Hamels, Cole,430935,2016,33,32,200.2,848,185,23.6,9.1,602,3.32,66.6,16.8,33.8,43,56.2,54.8,6.1,82.4,45.2,43,26.8,48.7,43.3,35.3,21.3,57.5,49.7,20.4,25.2,4.6,67.2,14.5,18.3
Verlander, Justin,434378,2016,33,34,227.2,903,171,28.1,6.3,683,3.04,68.1,19.9,32.8,40.4,58.6,50.6,7.3,79.7,49.4,44.8,26.7,50.2,37.3,36.3,26,64.3,35.4,28.1,23.5,13,57.8,33.7,8.5
Liriano, Francisco,434538,2016,33,31,163,731,157,23,11.6,489,4.69,62.2,15,29.3,48.2,49.5,57.4,5.5,83.4,42.6,42.9,27.9,43.3,38.8,39.9,21.1,55.5,53.1,19.6,23.5,3.8,51.3,29.2,19.5
Hammel, Jason,434628,2016,34,30,166.2,692,148,20.8,7.7,500,3.83,63.5,14.7,30,41.8,57.4,50.5,6.5,84,49.5,42.5,23.5,46.6,35.2,36.8,27.8,59.8,44.2,23.7,25.7,6.4,50.6,46.7,2.7
Nolasco, Ricky,445060,2016,34,32,197.2,817,202,17.6,5.4,593,4.42,66.1,11.1,29,40.3,58.7,52.9,7.1,88.5,47.1,41.5,20.7,46.5,37,42,20.7,61,44.1,26,25.3,4.6,48.6,44,7.5
Kluber, Corey,446372,2016,30,32,215,860,170,26.4,6.6,645,3.14,65.7,17.6,32.3,48.4,51.4,51.4,7.5,81.8,48.6,42,28.1,48.5,36.4,33.6,30.1,62.6,45.7,20.7,27.1,6.5,52.8,42.7,4.6
Shields, James,448306,2016,35,33,181.2,822,208,16.4,10,545,5.85,67.1,12.1,27.3,40,58.1,58,6.2,86.5,42,40.4,22.2,44,39.2,36.1,24,54.8,41.7,25.2,27.2,5.9,62.2,16.4,21.4
Garcia, Jaime,448802,2016,30,32,171.2,741,179,20.2,7.7,515,4.67,63.4,13.9,27,39.2,59.1,48.4,7.9,84.2,51.6,43,21.1,45.8,40.8,38.1,20.9,60.1,58.4,15.2,23.1,3.2,63.5,18.4,18
Volquez, Edinson,450172,2016,33,34,189.1,853,217,16.3,8.9,568,5.37,62.8,12.3,28.7,36.4,62.9,49.7,7,87,50.3,42.3,19.8,45.8,46.3,35,18.5,56.3,52.5,17.6,24.1,5.9,53,24.8,22.2
Weaver, Jered,450308,2016,34,31,178,767,209,13.4,6.6,534,5.06,62.6,15.9,28,24.7,74.5,48.5,8.2,82.8,51.5,43.8,18.5,45.8,41.3,36,21.9,64.4,29.6,28.5,29.6,12.3,44.4,38.6,17
Fister, Doug,450729,2016,32,32,180.1,779,195,14.8,8,541,4.64,55.7,8.9,28.1,26.2,73.1,55.2,5.4,90.1,44.8,44.4,15.6,40.5,33.7,38.7,26.8,59.6,46.6,23.2,24.2,5.9,78.9,14.7,6.4
Lester, Jon,452657,2016,32,32,202.2,796,154,24.7,6.5,608,2.44,68,14.6,29.1,42.3,56.3,53.5,6.2,84.5,46.5,42.6,23.8,47.1,40.7,32.9,26.4,63.1,47.5,19.4,25.9,7.2,82.5,12.6,4.9
Kennedy, Ian,453178,2016,32,33,195.2,818,173,22.5,8.1,587,3.68,66.6,18,28.7,35.2,63.6,50.9,6.7,81.4,49.1,45.1,23.3,47.3,36.8,34.1,29.2,62,34.2,30.6,24,11.2,66.2,21.9,11.8
Scherzer, Max,453286,2016,32,34,228.1,902,165,31.5,6.2,685,2.96,68.6,24.5,33.9,49.1,50.1,48.3,9.1,74.7,51.7,42,32.2,51.8,37.6,32.2,29.9,65.2,34.7,25,26.8,13.5,57.1,30.9,12
Arrieta, Jake,453562,2016,30,31,197.1,795,138,23.9,9.6,592,3.1,62.7,17.4,28.5,41.7,57.6,50.2,7.6,81.9,49.8,44,25,45.6,39.2,37.7,23.1,59,53.7,16.1,25,5.2,64.9,30.3,4.8
Price, David,456034,2016,31,35,230,951,227,24,5.3,690,3.99,69.4,20.6,31.1,34.9,65.1,48.2,7.4,78.6,51.8,45.3,24.8,51,40.5,35.7,23.7,64.9,44.9,24.5,23.4,7.2,68.6,8.8,22.7
Cueto, Johnny,456501,2016,30,32,219.2,881,195,22.5,5.1,659,2.79,66.3,15.3,31.7,33.8,65.1,52.1,7.8,84,47.9,43.2,21.6,48.2,38.4,34.9,26.2,68.6,52.2,16,25.1,6.7,61.9,18.2,19.9
Happ, J.A.,457918,2016,34,32,195,796,168,20.5,7.5,585,3.18,67.7,17.7,25.8,34.1,65.6,49.5,6.9,81.7,50.5,43.6,22.2,47,32.3,41.6,26.1,59.9,43.7,22.9,25.9,7.4,73.4,20.3,6.3
Tomlin, Josh,458708,2016,32,30,174,725,187,16.3,2.8,522,4.4,62.7,10.1,34.5,28.5,70.6,50.9,7.2,89.1,49.1,46.2,16.8,48.4,38.4,38,23.5,67.7,44.5,21.9,28.4,5.1,76.9,14.9,8.3
Gonzalez, Gio,461829,2016,31,32,177.1,765,179,22.4,7.7,532,4.57,64.1,16.2,27.8,35.9,63.4,54.9,6,81.3,45.1,44.8,23,44.2,34.2,38.6,27.2,57.6,49,18.6,27.9,4.4,63.6,19.8,16.5
Estrada, Marco,462136,2016,33,29,176,723,132,22.8,9,528,3.48,67.1,20.6,27.4,37.8,61.5,53.7,6.1,78.8,46.3,45,26.1,45.8,38.9,33.5,27.6,58.9,34.6,27.2,22.1,16.2,61.3,10.1,28.7
Nova, Ivan,467100,2016,29,32,162,684,175,18.6,4.1,486,4.17,66,8.5,35.3,39.1,60.9,53.9,5.8,90.6,46.1,42.7,20.3,49.5,39.2,38.7,22.1,61.7,55.4,17.1,24,3.5,64.6,30.9,4.6
Hellickson, Jeremy,476451,2016,29,32,189,772,173,19.9,5.8,567,3.71,66.8,16.4,33.5,35.6,63.5,56.5,5.7,82.5,43.5,43,23.9,48,41.8,36.3,21.9,60.9,43.4,17.1,30.9,8.6,49,24.8,26.1
Miley, Wade,489119,2016,30,30,166,711,187,19.3,6.9,498,5.37,62.9,12.8,31.5,35.3,64.3,51.7,6.6,85.7,48.3,44.3,20.6,46.7,39.5,39.3,21.2,60.2,48.6,18.7,27.9,4.8,49.8,32.3,17.9
Quintana, Jose,500779,2016,27,32,208,837,192,21.6,6,624,3.2,64.6,12.4,26.6,33.8,65.7,49.5,7.7,87.2,50.5,44.3,18.6,45.8,40.4,34.1,25.6,65,40.7,21.3,27.4,10.6,67.2,25,7.8
Pineda, Michael,501381,2016,27,32,175.2,756,184,27.4,7,527,4.82,66.5,16.7,34.1,54.4,45.3,54.7,6.5,82.6,45.3,43.2,31.1,48.8,37.8,36.2,26,67.4,46,24.1,26.2,3.7,51.6,40,8.4
Tillman, Chris,501957,2016,28,30,172,715,155,19.6,9.2,516,3.77,66.9,17.8,25.9,31.2,67.3,51.8,7.3,81.6,48.2,41.7,21.8,45.7,35.1,38.2,26.7,56.8,42.2,21.1,28.5,8.2,56.5,28,15.5
Archer, Chris,502042,2016,28,33,201.1,850,183,27.4,7.9,604,4.02,63.6,19.3,27.5,53.2,46.4,50.1,7.2,80.3,49.9,41.8,29.6,45.5,33,39.6,27.3,58.7,48.7,22.5,22.3,6.4,48.4,40.6,10.9
Samardzija, Jeff,502188,2016,31,32,203.1,829,190,20.1,6.5,610,3.81,67.9,14.4,29.2,34.7,64.4,49.8,7.5,84.5,50.2,44.6,20.5,48.6,38.1,33.4,27.7,63.7,47.4,21.7,25.4,5.4,67.3,25,7.7
Leake, Mike,502190,2016,29,30,176.2,757,203,16.5,4,530,4.69,66.9,8.8,29.8,31,68.1,51.3,6.1,89.8,48.7,43.5,15.9,47.9,34.8,40.7,24,62.1,55.1,18,23.9,3,76.4,14.9,8.7
Santiago, Hector,502327,2016,29,33,182,785,169,18.3,10.1,546,4.7,66.8,16.8,23.2,29.5,69.3,47.4,8.6,82.8,52.6,42.2,19.8,46.2,38.1,36.3,25,55,35.5,30.3,20.5,13.6,69.7,9,21.3
Bettis, Chad,518452,2016,27,32,186,814,204,17,7.2,558,4.79,66.4,13.1,28.1,36.5,62.7,55.6,6.1,85.5,44.4,42.8,21.2,45.1,37,38.9,24.1,62.7,53.9,16.9,25.6,3.6,58.6,29.7,11.7
Bumgarner, Madison,518516,2016,27,34,226.2,912,179,27.5,5.9,680,2.74,66.5,18.6,30.5,40.5,58.4,51.2,7.1,80.6,48.8,44,25.7,48.1,41.9,34.7,22.9,65.4,41.4,23.9,25.2,9.5,51.1,45.3,3.6
Duffy, Danny,518633,2016,28,42,179.2,731,163,25.7,5.7,539,3.51,69.5,21.3,30.4,43.1,56.9,46,9,78.1,54,41.5,27.2,51.5,34.4,36.6,28.9,62.2,37.4,32.2,23.1,7.3,59.5,23.2,17.3
Moore, Matt,519043,2016,27,33,198.1,838,184,21.2,8.6,595,4.08,65.6,18.4,27.3,37.8,61.1,48.6,7.6,81,51.4,44.6,23.9,47,36.8,37.6,25.4,61.9,39.5,26.8,24.9,8.8,65.1,22.1,12.7
Nelson, Jimmy,519076,2016,27,32,179.1,807,186,17.3,10.7,538,4.62,62.9,13.9,25,31.6,66.9,47.4,8.6,85,52.6,41.7,18.6,45,33.3,37.6,28.9,58.1,51.2,20.4,22.2,6.2,71,28.2,0.8
Pomeranz, Drew,519141,2016,28,31,170.2,703,137,26.5,9.2,512,3.32,63.7,18.3,29.2,40.6,57.7,50.8,8.2,80.6,49.2,42.6,25.5,46.2,33.5,38.1,27.3,56.3,48.6,24.6,20,6.9,51.2,39.2,9.6
Porcello, Rick,519144,2016,28,33,223,890,193,21.2,3.6,669,3.15,64.5,13.9,28.9,30.7,67.9,45.2,7.8,85.4,54.8,43.5,18.5,48.4,39.8,35.4,24.8,64.2,44.1,25.6,23,7.3,60.1,26.5,13.4
Sale, Chris,519242,2016,27,32,226.2,907,190,25.7,5,680,3.34,65.5,19.4,31.3,36.5,62.1,47.3,8.7,80.1,52.7,43.6,24.6,49.3,37.1,36.3,26.3,62.2,42.2,24.3,25.5,8,55.4,25.2,19.3
Perez, Martin,527048,2016,25,33,198.2,855,205,12,8.9,596,4.39,66.5,11.8,30.2,31.7,67.9,50.6,6.2,87.1,49.4,45.1,18.1,48.1,36,41.5,22.5,64.6,54.3,17.9,24,3.9,62.1,20.9,17
Teheran, Julio,527054,2016,25,30,188,758,157,22,5.4,564,3.21,67.6,18,29,38.5,61.2,49.1,7.5,81.2,50.9,43.4,24,48.6,35.9,37.3,26.8,61.7,41.2,25.5,25.3,7.9,55.5,35.5,9
Hendricks, Kyle,543294,2016,27,31,190,745,142,22.8,5.9,570,2.13,57.1,16.5,31.5,37.2,61.8,54.4,6.5,82.2,45.6,45.1,24.7,43.2,35.9,37.9,25.2,68.6,49.7,18.4,23.9,8,65.1,7.8,27.1
Koehler, Tom,543408,2016,30,33,176.2,774,176,19,10.7,530,4.33,64.5,14.5,27.8,39.8,58.9,54.8,7.1,84.7,45.2,39.7,23.2,44.4,40.1,36,23.6,59.4,44.3,19.3,29.3,7.1,46.3,47.1,6.6
McHugh, Collin,543521,2016,29,33,184.2,796,206,22.2,6.8,554,4.34,65.2,15.4,31.1,40.3,59.5,51.6,7.2,84.2,48.4,41,23.8,47.6,33.8,36.7,29.2,67,42.9,24.9,24,8.2,64.9,30,5.1
Odorizzi, Jake,543606,2016,26,33,187.2,773,170,21.5,7,563,3.69,68.7,18.1,29.3,30,69.1,50.1,6.4,81.5,49.9,44.8,21.7,49,32.8,36.4,30.4,58.6,37.7,27.5,24.6,10.2,66.6,13.6,19.8
Roark, Tanner,543699,2016,30,34,210,855,173,20.1,8.5,630,2.83,60.7,14.8,29.5,33.7,64.2,54,6.7,83.7,46,42.2,21.7,43.8,34.3,39,26.6,57.7,50.9,18.6,25.1,5.4,62.3,27.8,9.8
Bauer, Trevor,545333,2016,25,35,190,811,179,20.7,8.6,570,4.26,63.4,15.4,24.5,41.3,58.2,49.3,7.9,84.2,50.7,40.9,22.5,44.2,34.9,37.6,27.5,59.9,49.1,16.7,28,6.2,68.1,19.6,12.3
Iwakuma, Hisashi,547874,2016,35,33,199,836,218,17.6,5.5,597,4.12,64.6,10.7,31,33.2,66.1,47,8.7,88.7,53,44.4,17.4,48.8,38.1,36.1,25.5,64.2,42.2,22.6,26,9.2,53.3,27.5,19.3
Tanaka, Masahiro,547888,2016,28,31,199.2,805,179,20.5,4.5,599,3.07,68.3,15,34.5,37.5,61.6,53.5,6.6,84.8,46.5,44,23.3,50.2,40.6,36.4,23,64.5,48.8,19,25.6,6.7,36.9,33.2,29.9
Ventura, Yordano,570649,2016,25,32,186,816,190,17.6,9.6,558,4.45,63.7,12.3,26.1,44.7,55,51.3,7.2,87.2,48.7,40.7,22,44.4,36.9,38.2,24.9,55.9,51.4,19.8,23.4,5.5,56.2,25.3,18.5
Fiers, Mike,571666,2016,31,31,168.2,724,187,18.5,5.8,506,4.48,64.6,16.6,26.8,33.4,65.8,49.5,7.7,83.1,50.5,41.2,21.5,45.9,41.8,35.9,21.8,62.7,44,20.5,28.8,6.7,54.2,26.3,19.5
Keuchel, Dallas,572971,2016,28,26,168,701,168,20.5,6.8,504,4.55,61.2,13.5,30.2,38.4,60.9,55.2,6,85.7,44.8,45.4,22.9,44.1,37.1,42.8,20.1,63.3,57.8,16.8,21.5,3.9,64.5,26.2,9.3
Straily, Dan,573185,2016,28,34,191.1,792,154,20.5,9.2,574,3.76,67.3,16.6,27.2,39.7,58.1,49.7,7.8,82,50.3,41.8,23.2,47.4,37.7,37.5,24.7,61.2,33.5,27.1,30.2,9.2,51.2,30.8,18
Stroman, Marcus,573186,2016,25,32,204,855,209,19.4,6.3,612,4.37,66.4,12.6,29.2,39.9,59.2,51.5,7.6,86.4,48.5,44,21.3,47.3,38.6,39.5,21.9,61,61.6,13.2,22.2,3,75.4,19.4,5.2
Gausman, Kevin,592332,2016,25,30,179.2,757,183,23,6.2,539,3.61,64.9,18.1,34.8,36.5,62.9,54.9,7.4,81.7,45.1,44.6,25.4,48.4,39,36.7,24.3,56.8,45.8,19.4,25.6,9.2,66,13.2,20.8
Gray, Jon,592351,2016,25,29,168,712,153,26,8.3,504,4.61,67.7,16.1,29.1,52,47.2,48.5,7.8,83,51.5,42.6,26.5,49,37.1,31.6,31.2,62.6,44.8,16.5,30.5,8.1,55.3,37.3,7.4
Ray, Robbie,592662,2016,25,32,174.1,776,185,28.1,9.1,523,4.9,64.8,19.8,28.2,42.2,56.7,49.7,6.6,79.6,50.3,44.6,26.6,46.6,33.5,37.6,28.9,55.9,46.8,18.9,28.3,6,71.1,22.6,6.3
Sanchez, Aaron,592717,2016,24,30,192,790,161,20.4,8,576,3,61,15.1,24.6,36.4,63,48.2,7.9,84.3,51.8,42.8,20.9,43.5,32.6,38.9,28.5,60.9,55.3,17.5,22.6,4.6,75,16.2,8.8
Smyly, Drew,592767,2016,27,30,175.1,738,174,22.6,6.6,526,4.88,66.3,18.4,28.6,39.2,59.8,50,7.7,80.8,50,42.2,24.7,47.5,39.4,33.1,26.3,58.4,32.9,32.7,21.5,12.9,71.5,22.8,5.7
Syndergaard, Noah,592789,2016,24,31,183.2,744,168,29.3,5.8,551,2.6,65.6,20.2,35.8,47.9,51.7,51,6.8,78.9,49,45.6,30.3,50.4,34.3,36.8,28.9,63.8,52.2,15.6,27.2,5,59.2,29.7,11.1
Martinez, Carlos,593372,2016,25,31,195.1,809,169,21.5,8.7,586,3.04,64.5,16.5,29,37,61.6,49,8.9,82.1,51,42,22.7,47.1,35.2,38.4,26.4,62.3,57.9,17.7,20,4.3,57.3,23.4,19.3
Eickhoff, Jerad,595191,2016,26,33,197.1,811,187,20.6,5.2,592,3.65,63.1,14.3,29.5,35.9,63.7,51.8,6.8,84.4,48.2,42.7,21.5,45.7,42.4,32.7,24.9,61.3,42.8,22.7,25.9,8.6,52.8,42.1,5.1
Davies, Zach,605200,2016,23,28,163.1,682,166,19.8,5.6,490,3.97,61.1,15.1,30.9,27.7,71.1,54.9,4.9,83.6,45.1,46.3,19.9,44.6,38.4,38.8,22.9,61.7,47.3,18.7,27.2,6.8,68.5,10.9,20.6
Fernandez, Jose,605228,2016,24,29,182.1,737,149,34.3,7.5,547,2.86,61.7,20.5,31.5,54.7,44.3,52.1,7.5,78.9,47.9,43.1,32.7,46,30,40.4,29.6,60.9,44.4,16.5,32.2,6.9,53.8,33.8,12.4
Finnegan, Brandon,605232,2016,23,31,172,734,150,19.8,11.4,516,3.98,65.6,16.7,27.1,35.6,63.6,52.1,7.2,81.7,47.9,44.3,22.5,45.5,35.5,37.1,27.3,54.6,40.9,21.6,31.3,6.2,65.2,23.4,11.4
Rodon, Carlos,607074,2016,24,28,165,715,176,23.5,7.6,495,4.04,64,15.6,27.4,43,55.1,48.6,7.6,83.4,51.4,41.5,23.5,46.3,34.6,34.6,30.9,54.3,44,22.4,27.4,6.2,64,25.5,10.5
Graveman, Kendall,608665,2016,26,31,186,786,196,13.7,6,558,4.11,62.5,10.6,27.2,35,64.8,50.5,7.5,88.6,49.5,43,18.1,44.7,40,35.6,24.4,64.7,53.1,17.7,25,4.2,86,6.5,7.5
Maeda, Kenta,628317,2016,28,32,175.2,716,150,25,7,527,3.48,63.5,19.4,31.7,40.2,58.7,55.7,7.1,80,44.3,41.9,27.4,45.8,33.2,41.8,25.1,61.7,44.9,20,27.1,7.9,42.9,47.4,9.6
